alias,condition,distance,family,generated_count,method_id,missing_templates,painter_id,reference_count,status
gpt-image-1,claude_monet,0.5948073821162723,color,64,by_name,[],claude_monet,297,descriptive_all_available
gpt-image-1,claude_monet,0.7366629214008058,color,64,by_name,[],alfred_sisley,106,descriptive_all_available
gpt-image-1,claude_monet,0.7994679718394702,color,64,by_name,[],camille_pissarro,141,descriptive_all_available
gpt-image-1,claude_monet,1.761722353781579,color,64,by_name,[],paul_cezanne,105,descriptive_all_available
gpt-image-1,claude_monet,0.7943690355082103,spatial,64,by_name,[],claude_monet,297,descriptive_all_available
gpt-image-1,claude_monet,0.7384883945802487,spatial,64,by_name,[],alfred_sisley,106,descriptive_all_available
gpt-image-1,claude_monet,0.7264448763406564,spatial,64,by_name,[],camille_pissarro,141,descriptive_all_available
gpt-image-1,claude_monet,1.593580315009334,spatial,64,by_name,[],paul_cezanne,105,descriptive_all_available
gpt-image-1,claude_monet,1.6772200344842,texture,64,by_name,[],claude_monet,297,descriptive_all_available
gpt-image-1,claude_monet,1.4982185265384755,texture,64,by_name,[],alfred_sisley,106,descriptive_all_available
gpt-image-1,claude_monet,1.6313924114617775,texture,64,by_name,[],camille_pissarro,141,descriptive_all_available
gpt-image-1,claude_monet,2.7154209555264415,texture,64,by_name,[],paul_cezanne,105,descriptive_all_available
gpt-image-1,alfred_sisley,0.8955300804389927,color,64,by_name,[],claude_monet,297,descriptive_all_available
gpt-image-1,alfred_sisley,0.752500521923622,color,64,by_name,[],alfred_sisley,106,descriptive_all_available
gpt-image-1,alfred_sisley,0.6666260499540688,color,64,by_name,[],camille_pissarro,141,descriptive_all_available
gpt-image-1,alfred_sisley,2.1256729889172443,color,64,by_name,[],paul_cezanne,105,descriptive_all_available
gpt-image-1,alfred_sisley,0.5478997052973886,spatial,64,by_name,[],claude_monet,297,descriptive_all_available
gpt-image-1,alfred_sisley,0.5167665539215607,spatial,64,by_name,[],alfred_sisley,106,descriptive_all_available
gpt-image-1,alfred_sisley,0.663156435393883,spatial,64,by_name,[],camille_pissarro,141,descriptive_all_available
gpt-image-1,alfred_sisley,1.3276699431051369,spatial,64,by_name,[],paul_cezanne,105,descriptive_all_available
gpt-image-1,alfred_sisley,1.4606371600254269,texture,64,by_name,[],claude_monet,297,descriptive_all_available
gpt-image-1,alfred_sisley,1.1850752223069283,texture,64,by_name,[],alfred_sisley,106,descriptive_all_available
gpt-image-1,alfred_sisley,1.3979557016907846,texture,64,by_name,[],camille_pissarro,141,descriptive_all_available
gpt-image-1,alfred_sisley,2.50587949307772,texture,64,by_name,[],paul_cezanne,105,descriptive_all_available
gpt-image-1,camille_pissarro,1.435632500863857,color,63,by_name,[],claude_monet,297,descriptive_all_available
gpt-image-1,camille_pissarro,1.3564224267550293,color,63,by_name,[],alfred_sisley,106,descriptive_all_available
gpt-image-1,camille_pissarro,0.9068119045390386,color,63,by_name,[],camille_pissarro,141,descriptive_all_available
gpt-image-1,camille_pissarro,2.284021566499966,color,63,by_name,[],paul_cezanne,105,descriptive_all_available
gpt-image-1,camille_pissarro,0.9095024519514019,spatial,63,by_name,[],claude_monet,297,descriptive_all_available
gpt-image-1,camille_pissarro,0.8372701181158475,spatial,63,by_name,[],alfred_sisley,106,descriptive_all_available
gpt-image-1,camille_pissarro,0.7097651713320818,spatial,63,by_name,[],camille_pissarro,141,descriptive_all_available
gpt-image-1,camille_pissarro,1.5600310570781684,spatial,63,by_name,[],paul_cezanne,105,descriptive_all_available
gpt-image-1,camille_pissarro,1.5414541579844832,texture,63,by_name,[],claude_monet,297,descriptive_all_available
gpt-image-1,camille_pissarro,1.3975195465402614,texture,63,by_name,[],alfred_sisley,106,descriptive_all_available
gpt-image-1,camille_pissarro,1.3650226182578415,texture,63,by_name,[],camille_pissarro,141,descriptive_all_available
gpt-image-1,camille_pissarro,2.559757507374248,texture,63,by_name,[],paul_cezanne,105,descriptive_all_available
gpt-image-1,paul_cezanne,0.791429871263962,color,63,by_name,[],claude_monet,297,descriptive_all_available
gpt-image-1,paul_cezanne,0.9240437194082987,color,63,by_name,[],alfred_sisley,106,descriptive_all_available
gpt-image-1,paul_cezanne,1.0076160388967235,color,63,by_name,[],camille_pissarro,141,descriptive_all_available
gpt-image-1,paul_cezanne,0.7117387172504157,color,63,by_name,[],paul_cezanne,105,descriptive_all_available
gpt-image-1,paul_cezanne,0.9740217224321603,spatial,63,by_name,[],claude_monet,297,descriptive_all_available
gpt-image-1,paul_cezanne,1.2053380542471408,spatial,63,by_name,[],alfred_sisley,106,descriptive_all_available
gpt-image-1,paul_cezanne,1.2037329072755467,spatial,63,by_name,[],camille_pissarro,141,descriptive_all_available
gpt-image-1,paul_cezanne,0.6247394744671944,spatial,63,by_name,[],paul_cezanne,105,descriptive_all_available
gpt-image-1,paul_cezanne,1.6968737500914477,texture,63,by_name,[],claude_monet,297,descriptive_all_available
gpt-image-1,paul_cezanne,1.9965940456092492,texture,63,by_name,[],alfred_sisley,106,descriptive_all_available
gpt-image-1,paul_cezanne,2.2421329634526335,texture,63,by_name,[],camille_pissarro,141,descriptive_all_available
gpt-image-1,paul_cezanne,2.0668419711598487,texture,63,by_name,[],paul_cezanne,105,descriptive_all_available
gpt-image-1,artist_free,1.334736400861709,color,64,by_name,[],claude_monet,297,descriptive_all_available
gpt-image-1,artist_free,1.2233333859180648,color,64,by_name,[],alfred_sisley,106,descriptive_all_available
gpt-image-1,artist_free,1.1353063632893252,color,64,by_name,[],camille_pissarro,141,descriptive_all_available
gpt-image-1,artist_free,0.6390553984146767,color,64,by_name,[],paul_cezanne,105,descriptive_all_available
gpt-image-1,artist_free,0.21074855393736192,spatial,64,by_name,[],claude_monet,297,descriptive_all_available
gpt-image-1,artist_free,0.3687995611376542,spatial,64,by_name,[],alfred_sisley,106,descriptive_all_available
gpt-image-1,artist_free,0.697181922080703,spatial,64,by_name,[],camille_pissarro,141,descriptive_all_available
gpt-image-1,artist_free,0.7812282215767095,spatial,64,by_name,[],paul_cezanne,105,descriptive_all_available
gpt-image-1,artist_free,1.4098604486396713,texture,64,by_name,[],claude_monet,297,descriptive_all_available
gpt-image-1,artist_free,1.6547259079892744,texture,64,by_name,[],alfred_sisley,106,descriptive_all_available
gpt-image-1,artist_free,1.4244294619033284,texture,64,by_name,[],camille_pissarro,141,descriptive_all_available
gpt-image-1,artist_free,1.5623753298910668,texture,64,by_name,[],paul_cezanne,105,descriptive_all_available
gpt-image-1,claude_monet,0.8194595346421361,color,64,style_instruction,[],claude_monet,297,descriptive_all_available
gpt-image-1,claude_monet,1.001657056497724,color,64,style_instruction,[],alfred_sisley,106,descriptive_all_available
gpt-image-1,claude_monet,1.220074244969247,color,64,style_instruction,[],camille_pissarro,141,descriptive_all_available
gpt-image-1,claude_monet,1.971249736949222,color,64,style_instruction,[],paul_cezanne,105,descriptive_all_available
gpt-image-1,claude_monet,0.941634045360308,spatial,64,style_instruction,[],claude_monet,297,descriptive_all_available
gpt-image-1,claude_monet,0.8451859508882622,spatial,64,style_instruction,[],alfred_sisley,106,descriptive_all_available
gpt-image-1,claude_monet,0.8368854002698582,spatial,64,style_instruction,[],camille_pissarro,141,descriptive_all_available
gpt-image-1,claude_monet,1.829149346093668,spatial,64,style_instruction,[],paul_cezanne,105,descriptive_all_available
gpt-image-1,claude_monet,1.7233321921887483,texture,64,style_instruction,[],claude_monet,297,descriptive_all_available
gpt-image-1,claude_monet,1.4653945997979643,texture,64,style_instruction,[],alfred_sisley,106,descriptive_all_available
gpt-image-1,claude_monet,1.5941362118919804,texture,64,style_instruction,[],camille_pissarro,141,descriptive_all_available
gpt-image-1,claude_monet,2.745185593983563,texture,64,style_instruction,[],paul_cezanne,105,descriptive_all_available
gpt-image-1,alfred_sisley,0.9676682565898633,color,64,style_instruction,[],claude_monet,297,descriptive_all_available
gpt-image-1,alfred_sisley,0.8762278618095296,color,64,style_instruction,[],alfred_sisley,106,descriptive_all_available
gpt-image-1,alfred_sisley,0.8956367017960036,color,64,style_instruction,[],camille_pissarro,141,descriptive_all_available
gpt-image-1,alfred_sisley,2.356277489891631,color,64,style_instruction,[],paul_cezanne,105,descriptive_all_available
gpt-image-1,alfred_sisley,0.6347728902837888,spatial,64,style_instruction,[],claude_monet,297,descriptive_all_available
gpt-image-1,alfred_sisley,0.5817114141535393,spatial,64,style_instruction,[],alfred_sisley,106,descriptive_all_available
gpt-image-1,alfred_sisley,0.6802671979164079,spatial,64,style_instruction,[],camille_pissarro,141,descriptive_all_available
gpt-image-1,alfred_sisley,1.3534428791782438,spatial,64,style_instruction,[],paul_cezanne,105,descriptive_all_available
gpt-image-1,alfred_sisley,1.6835197729580442,texture,64,style_instruction,[],claude_monet,297,descriptive_all_available
gpt-image-1,alfred_sisley,1.408914688670019,texture,64,style_instruction,[],alfred_sisley,106,descriptive_all_available
gpt-image-1,alfred_sisley,1.648160841589351,texture,64,style_instruction,[],camille_pissarro,141,descriptive_all_available
gpt-image-1,alfred_sisley,2.7744815362641195,texture,64,style_instruction,[],paul_cezanne,105,descriptive_all_available
gpt-image-1,camille_pissarro,1.565919849274224,color,64,style_instruction,[],claude_monet,297,descriptive_all_available
gpt-image-1,camille_pissarro,1.5452689198496454,color,64,style_instruction,[],alfred_sisley,106,descriptive_all_available
gpt-image-1,camille_pissarro,1.0744942826693404,color,64,style_instruction,[],camille_pissarro,141,descriptive_all_available
gpt-image-1,camille_pissarro,2.3962572098794017,color,64,style_instruction,[],paul_cezanne,105,descriptive_all_available
gpt-image-1,camille_pissarro,1.194374056965057,spatial,64,style_instruction,[],claude_monet,297,descriptive_all_available
gpt-image-1,camille_pissarro,1.0635234040296138,spatial,64,style_instruction,[],alfred_sisley,106,descriptive_all_available
gpt-image-1,camille_pissarro,0.9018986435482246,spatial,64,style_instruction,[],camille_pissarro,141,descriptive_all_available
gpt-image-1,camille_pissarro,1.9767638773782599,spatial,64,style_instruction,[],paul_cezanne,105,descriptive_all_available
gpt-image-1,camille_pissarro,1.8611624471866863,texture,64,style_instruction,[],claude_monet,297,descriptive_all_available
gpt-image-1,camille_pissarro,1.7119775711264118,texture,64,style_instruction,[],alfred_sisley,106,descriptive_all_available
gpt-image-1,camille_pissarro,1.6359106797035634,texture,64,style_instruction,[],camille_pissarro,141,descriptive_all_available
gpt-image-1,camille_pissarro,2.886345998459741,texture,64,style_instruction,[],paul_cezanne,105,descriptive_all_available
gpt-image-1,paul_cezanne,0.9808798095343643,color,64,style_instruction,[],claude_monet,297,descriptive_all_available
gpt-image-1,paul_cezanne,1.1820734571184488,color,64,style_instruction,[],alfred_sisley,106,descriptive_all_available
gpt-image-1,paul_cezanne,1.315976214229757,color,64,style_instruction,[],camille_pissarro,141,descriptive_all_available
gpt-image-1,paul_cezanne,0.87752373157825,color,64,style_instruction,[],paul_cezanne,105,descriptive_all_available
gpt-image-1,paul_cezanne,1.23710889409601,spatial,64,style_instruction,[],claude_monet,297,descriptive_all_available
gpt-image-1,paul_cezanne,1.4739401589571888,spatial,64,style_instruction,[],alfred_sisley,106,descriptive_all_available
gpt-image-1,paul_cezanne,1.435649388059448,spatial,64,style_instruction,[],camille_pissarro,141,descriptive_all_available
gpt-image-1,paul_cezanne,0.7353433759263746,spatial,64,style_instruction,[],paul_cezanne,105,descriptive_all_available
gpt-image-1,paul_cezanne,1.8199574905818419,texture,64,style_instruction,[],claude_monet,297,descriptive_all_available
gpt-image-1,paul_cezanne,2.253370462781943,texture,64,style_instruction,[],alfred_sisley,106,descriptive_all_available
gpt-image-1,paul_cezanne,2.433989355291378,texture,64,style_instruction,[],camille_pissarro,141,descriptive_all_available
gpt-image-1,paul_cezanne,2.2360777656585147,texture,64,style_instruction,[],paul_cezanne,105,descriptive_all_available
gpt-image-1,artist_free,1.3196615642264566,color,64,style_instruction,[],claude_monet,297,descriptive_all_available
gpt-image-1,artist_free,1.1863509159353627,color,64,style_instruction,[],alfred_sisley,106,descriptive_all_available
gpt-image-1,artist_free,1.1383935273861532,color,64,style_instruction,[],camille_pissarro,141,descriptive_all_available
gpt-image-1,artist_free,0.5974552182217954,color,64,style_instruction,[],paul_cezanne,105,descriptive_all_available
gpt-image-1,artist_free,0.21300531209121143,spatial,64,style_instruction,[],claude_monet,297,descriptive_all_available
gpt-image-1,artist_free,0.35415705903897976,spatial,64,style_instruction,[],alfred_sisley,106,descriptive_all_available
gpt-image-1,artist_free,0.6403961537614147,spatial,64,style_instruction,[],camille_pissarro,141,descriptive_all_available
gpt-image-1,artist_free,0.7501712182486764,spatial,64,style_instruction,[],paul_cezanne,105,descriptive_all_available
gpt-image-1,artist_free,1.2600982848407907,texture,64,style_instruction,[],claude_monet,297,descriptive_all_available
gpt-image-1,artist_free,1.4734653604171548,texture,64,style_instruction,[],alfred_sisley,106,descriptive_all_available
gpt-image-1,artist_free,1.224753296292671,texture,64,style_instruction,[],camille_pissarro,141,descriptive_all_available
gpt-image-1,artist_free,1.4643823569413343,texture,64,style_instruction,[],paul_cezanne,105,descriptive_all_available
gpt-image-1,claude_monet,0.9698600827230401,color,64,style_aspects,[],claude_monet,297,descriptive_all_available
gpt-image-1,claude_monet,1.1887225503890368,color,64,style_aspects,[],alfred_sisley,106,descriptive_all_available
gpt-image-1,claude_monet,1.4652626385303633,color,64,style_aspects,[],camille_pissarro,141,descriptive_all_available
gpt-image-1,claude_monet,2.0304388703680467,color,64,style_aspects,[],paul_cezanne,105,descriptive_all_available
gpt-image-1,claude_monet,0.9925509786851023,spatial,64,style_aspects,[],claude_monet,297,descriptive_all_available
gpt-image-1,claude_monet,0.9190478211175561,spatial,64,style_aspects,[],alfred_sisley,106,descriptive_all_available
gpt-image-1,claude_monet,0.928124076364377,spatial,64,style_aspects,[],camille_pissarro,141,descriptive_all_available
gpt-image-1,claude_monet,1.8354884147610693,spatial,64,style_aspects,[],paul_cezanne,105,descriptive_all_available
gpt-image-1,claude_monet,1.8277656487820566,texture,64,style_aspects,[],claude_monet,297,descriptive_all_available
gpt-image-1,claude_monet,1.4898412041400448,texture,64,style_aspects,[],alfred_sisley,106,descriptive_all_available
gpt-image-1,claude_monet,1.7001005995023608,texture,64,style_aspects,[],camille_pissarro,141,descriptive_all_available
gpt-image-1,claude_monet,2.7415833386470867,texture,64,style_aspects,[],paul_cezanne,105,descriptive_all_available
gpt-image-1,alfred_sisley,0.9093278573644858,color,64,style_aspects,[],claude_monet,297,descriptive_all_available
gpt-image-1,alfred_sisley,0.8349343985421545,color,64,style_aspects,[],alfred_sisley,106,descriptive_all_available
gpt-image-1,alfred_sisley,0.9781657639779371,color,64,style_aspects,[],camille_pissarro,141,descriptive_all_available
gpt-image-1,alfred_sisley,2.3495772092826948,color,64,style_aspects,[],paul_cezanne,105,descriptive_all_available
gpt-image-1,alfred_sisley,0.6820992759150217,spatial,64,style_aspects,[],claude_monet,297,descriptive_all_available
gpt-image-1,alfred_sisley,0.6024433534123992,spatial,64,style_aspects,[],alfred_sisley,106,descriptive_all_available
gpt-image-1,alfred_sisley,0.6645544942039316,spatial,64,style_aspects,[],camille_pissarro,141,descriptive_all_available
gpt-image-1,alfred_sisley,1.4564964166592416,spatial,64,style_aspects,[],paul_cezanne,105,descriptive_all_available
gpt-image-1,alfred_sisley,1.785710740293866,texture,64,style_aspects,[],claude_monet,297,descriptive_all_available
gpt-image-1,alfred_sisley,1.4641348320749528,texture,64,style_aspects,[],alfred_sisley,106,descriptive_all_available
gpt-image-1,alfred_sisley,1.7253285366355355,texture,64,style_aspects,[],camille_pissarro,141,descriptive_all_available
gpt-image-1,alfred_sisley,2.8780065238835393,texture,64,style_aspects,[],paul_cezanne,105,descriptive_all_available
gpt-image-1,camille_pissarro,1.2121864730840288,color,64,style_aspects,[],claude_monet,297,descriptive_all_available
gpt-image-1,camille_pissarro,1.2584752293777988,color,64,style_aspects,[],alfred_sisley,106,descriptive_all_available
gpt-image-1,camille_pissarro,0.8715874293538928,color,64,style_aspects,[],camille_pissarro,141,descriptive_all_available
gpt-image-1,camille_pissarro,2.0936865585238653,color,64,style_aspects,[],paul_cezanne,105,descriptive_all_available
gpt-image-1,camille_pissarro,1.1526129644498877,spatial,64,style_aspects,[],claude_monet,297,descriptive_all_available
gpt-image-1,camille_pissarro,1.0347190138794702,spatial,64,style_aspects,[],alfred_sisley,106,descriptive_all_available
gpt-image-1,camille_pissarro,0.8794619831193049,spatial,64,style_aspects,[],camille_pissarro,141,descriptive_all_available
gpt-image-1,camille_pissarro,1.9027545400413908,spatial,64,style_aspects,[],paul_cezanne,105,descriptive_all_available
gpt-image-1,camille_pissarro,1.917059195371395,texture,64,style_aspects,[],claude_monet,297,descriptive_all_available
gpt-image-1,camille_pissarro,1.721916069754944,texture,64,style_aspects,[],alfred_sisley,106,descriptive_all_available
gpt-image-1,camille_pissarro,1.7123014751885266,texture,64,style_aspects,[],camille_pissarro,141,descriptive_all_available
gpt-image-1,camille_pissarro,2.8760431694927453,texture,64,style_aspects,[],paul_cezanne,105,descriptive_all_available
gpt-image-1,paul_cezanne,0.9540070540295142,color,64,style_aspects,[],claude_monet,297,descriptive_all_available
gpt-image-1,paul_cezanne,1.1434265513675255,color,64,style_aspects,[],alfred_sisley,106,descriptive_all_available
gpt-image-1,paul_cezanne,1.3335522674990659,color,64,style_aspects,[],camille_pissarro,141,descriptive_all_available
gpt-image-1,paul_cezanne,0.7591406956931179,color,64,style_aspects,[],paul_cezanne,105,descriptive_all_available
gpt-image-1,paul_cezanne,1.1261018586969573,spatial,64,style_aspects,[],claude_monet,297,descriptive_all_available
gpt-image-1,paul_cezanne,1.3378927032399126,spatial,64,style_aspects,[],alfred_sisley,106,descriptive_all_available
gpt-image-1,paul_cezanne,1.3049894319093664,spatial,64,style_aspects,[],camille_pissarro,141,descriptive_all_available
gpt-image-1,paul_cezanne,0.6450429992718774,spatial,64,style_aspects,[],paul_cezanne,105,descriptive_all_available
gpt-image-1,paul_cezanne,1.8179310768453374,texture,64,style_aspects,[],claude_monet,297,descriptive_all_available
gpt-image-1,paul_cezanne,2.0447102373768455,texture,64,style_aspects,[],alfred_sisley,106,descriptive_all_available
gpt-image-1,paul_cezanne,2.393868507453236,texture,64,style_aspects,[],camille_pissarro,141,descriptive_all_available
gpt-image-1,paul_cezanne,2.0313548773085555,texture,64,style_aspects,[],paul_cezanne,105,descriptive_all_available
gpt-image-1,artist_free,1.4113955851452147,color,64,style_aspects,[],claude_monet,297,descriptive_all_available
gpt-image-1,artist_free,1.27328702282685,color,64,style_aspects,[],alfred_sisley,106,descriptive_all_available
gpt-image-1,artist_free,1.21327501275543,color,64,style_aspects,[],camille_pissarro,141,descriptive_all_available
gpt-image-1,artist_free,0.5867822274373751,color,64,style_aspects,[],paul_cezanne,105,descriptive_all_available
gpt-image-1,artist_free,0.20610395497205225,spatial,64,style_aspects,[],claude_monet,297,descriptive_all_available
gpt-image-1,artist_free,0.3483854824449688,spatial,64,style_aspects,[],alfred_sisley,106,descriptive_all_available
gpt-image-1,artist_free,0.6024113019321651,spatial,64,style_aspects,[],camille_pissarro,141,descriptive_all_available
gpt-image-1,artist_free,0.671403127202415,spatial,64,style_aspects,[],paul_cezanne,105,descriptive_all_available
gpt-image-1,artist_free,1.306132291593984,texture,64,style_aspects,[],claude_monet,297,descriptive_all_available
gpt-image-1,artist_free,1.3971382116963644,texture,64,style_aspects,[],alfred_sisley,106,descriptive_all_available
gpt-image-1,artist_free,1.2571138999873073,texture,64,style_aspects,[],camille_pissarro,141,descriptive_all_available
gpt-image-1,artist_free,1.347053109636399,texture,64,style_aspects,[],paul_cezanne,105,descriptive_all_available
gpt-image-2,claude_monet,0.5003885222942783,color,64,by_name,[],claude_monet,297,descriptive_all_available
gpt-image-2,claude_monet,0.6326970236962894,color,64,by_name,[],alfred_sisley,106,descriptive_all_available
gpt-image-2,claude_monet,0.6524648193353937,color,64,by_name,[],camille_pissarro,141,descriptive_all_available
gpt-image-2,claude_monet,1.6161178837907964,color,64,by_name,[],paul_cezanne,105,descriptive_all_available
gpt-image-2,claude_monet,0.8220854827202841,spatial,64,by_name,[],claude_monet,297,descriptive_all_available
gpt-image-2,claude_monet,0.7753452425413356,spatial,64,by_name,[],alfred_sisley,106,descriptive_all_available
gpt-image-2,claude_monet,0.7752059099089994,spatial,64,by_name,[],camille_pissarro,141,descriptive_all_available
gpt-image-2,claude_monet,1.6412720696327447,spatial,64,by_name,[],paul_cezanne,105,descriptive_all_available
gpt-image-2,claude_monet,1.64191540372201,texture,64,by_name,[],claude_monet,297,descriptive_all_available
gpt-image-2,claude_monet,1.4169939711962387,texture,64,by_name,[],alfred_sisley,106,descriptive_all_available
gpt-image-2,claude_monet,1.6151221896833805,texture,64,by_name,[],camille_pissarro,141,descriptive_all_available
gpt-image-2,claude_monet,2.5941322470215487,texture,64,by_name,[],paul_cezanne,105,descriptive_all_available
gpt-image-2,alfred_sisley,0.8602255725989794,color,64,by_name,[],claude_monet,297,descriptive_all_available
gpt-image-2,alfred_sisley,0.7529104736001548,color,64,by_name,[],alfred_sisley,106,descriptive_all_available
gpt-image-2,alfred_sisley,0.7505747219564591,color,64,by_name,[],camille_pissarro,141,descriptive_all_available
gpt-image-2,alfred_sisley,2.2373713716756365,color,64,by_name,[],paul_cezanne,105,descriptive_all_available
gpt-image-2,alfred_sisley,0.5758913880340759,spatial,64,by_name,[],claude_monet,297,descriptive_all_available
gpt-image-2,alfred_sisley,0.5664964262778693,spatial,64,by_name,[],alfred_sisley,106,descriptive_all_available
gpt-image-2,alfred_sisley,0.7235011387193735,spatial,64,by_name,[],camille_pissarro,141,descriptive_all_available
gpt-image-2,alfred_sisley,1.333863555510713,spatial,64,by_name,[],paul_cezanne,105,descriptive_all_available
gpt-image-2,alfred_sisley,1.571585873516344,texture,64,by_name,[],claude_monet,297,descriptive_all_available
gpt-image-2,alfred_sisley,1.3201149763709745,texture,64,by_name,[],alfred_sisley,106,descriptive_all_available
gpt-image-2,alfred_sisley,1.5326415059394085,texture,64,by_name,[],camille_pissarro,141,descriptive_all_available
gpt-image-2,alfred_sisley,2.6512738386676173,texture,64,by_name,[],paul_cezanne,105,descriptive_all_available
gpt-image-2,camille_pissarro,1.5449377592480547,color,64,by_name,[],claude_monet,297,descriptive_all_available
gpt-image-2,camille_pissarro,1.4716345190600602,color,64,by_name,[],alfred_sisley,106,descriptive_all_available
gpt-image-2,camille_pissarro,1.009620987710993,color,64,by_name,[],camille_pissarro,141,descriptive_all_available
gpt-image-2,camille_pissarro,2.375494272286266,color,64,by_name,[],paul_cezanne,105,descriptive_all_available
gpt-image-2,camille_pissarro,0.9366180770878003,spatial,64,by_name,[],claude_monet,297,descriptive_all_available
gpt-image-2,camille_pissarro,0.8747656911622439,spatial,64,by_name,[],alfred_sisley,106,descriptive_all_available
gpt-image-2,camille_pissarro,0.7653347704961937,spatial,64,by_name,[],camille_pissarro,141,descriptive_all_available
gpt-image-2,camille_pissarro,1.6234730530463977,spatial,64,by_name,[],paul_cezanne,105,descriptive_all_available
gpt-image-2,camille_pissarro,1.5025073992882079,texture,64,by_name,[],claude_monet,297,descriptive_all_available
gpt-image-2,camille_pissarro,1.3710630417148435,texture,64,by_name,[],alfred_sisley,106,descriptive_all_available
gpt-image-2,camille_pissarro,1.337881042027715,texture,64,by_name,[],camille_pissarro,141,descriptive_all_available
gpt-image-2,camille_pissarro,2.512131027571584,texture,64,by_name,[],paul_cezanne,105,descriptive_all_available
gpt-image-2,paul_cezanne,0.8863972095218047,color,64,by_name,[],claude_monet,297,descriptive_all_available
gpt-image-2,paul_cezanne,1.0341603107727704,color,64,by_name,[],alfred_sisley,106,descriptive_all_available
gpt-image-2,paul_cezanne,1.0871069095908756,color,64,by_name,[],camille_pissarro,141,descriptive_all_available
gpt-image-2,paul_cezanne,0.8232198333655629,color,64,by_name,[],paul_cezanne,105,descriptive_all_available
gpt-image-2,paul_cezanne,1.0204971751256071,spatial,64,by_name,[],claude_monet,297,descriptive_all_available
gpt-image-2,paul_cezanne,1.262907241890792,spatial,64,by_name,[],alfred_sisley,106,descriptive_all_available
gpt-image-2,paul_cezanne,1.2796754356646018,spatial,64,by_name,[],camille_pissarro,141,descriptive_all_available
gpt-image-2,paul_cezanne,0.634113503073451,spatial,64,by_name,[],paul_cezanne,105,descriptive_all_available
gpt-image-2,paul_cezanne,1.7108485140743235,texture,64,by_name,[],claude_monet,297,descriptive_all_available
gpt-image-2,paul_cezanne,2.043025124908098,texture,64,by_name,[],alfred_sisley,106,descriptive_all_available
gpt-image-2,paul_cezanne,2.2700342254810257,texture,64,by_name,[],camille_pissarro,141,descriptive_all_available
gpt-image-2,paul_cezanne,2.119113419741494,texture,64,by_name,[],paul_cezanne,105,descriptive_all_available
gpt-image-2,artist_free,1.3628606961102512,color,64,by_name,[],claude_monet,297,descriptive_all_available
gpt-image-2,artist_free,1.2397910392638014,color,64,by_name,[],alfred_sisley,106,descriptive_all_available
gpt-image-2,artist_free,1.1663407274738664,color,64,by_name,[],camille_pissarro,141,descriptive_all_available
gpt-image-2,artist_free,0.6522332344627864,color,64,by_name,[],paul_cezanne,105,descriptive_all_available
gpt-image-2,artist_free,0.2332794665856217,spatial,64,by_name,[],claude_monet,297,descriptive_all_available
gpt-image-2,artist_free,0.39381556257705297,spatial,64,by_name,[],alfred_sisley,106,descriptive_all_available
gpt-image-2,artist_free,0.7134897458401142,spatial,64,by_name,[],camille_pissarro,141,descriptive_all_available
gpt-image-2,artist_free,0.8298542789461827,spatial,64,by_name,[],paul_cezanne,105,descriptive_all_available
gpt-image-2,artist_free,1.3959113721031216,texture,64,by_name,[],claude_monet,297,descriptive_all_available
gpt-image-2,artist_free,1.738951431403843,texture,64,by_name,[],alfred_sisley,106,descriptive_all_available
gpt-image-2,artist_free,1.404416732495958,texture,64,by_name,[],camille_pissarro,141,descriptive_all_available
gpt-image-2,artist_free,1.6807156107350476,texture,64,by_name,[],paul_cezanne,105,descriptive_all_available
gpt-image-2,claude_monet,0.8584413967134195,color,64,style_instruction,[],claude_monet,297,descriptive_all_available
gpt-image-2,claude_monet,1.0739629725285496,color,64,style_instruction,[],alfred_sisley,106,descriptive_all_available
gpt-image-2,claude_monet,1.2962430453308293,color,64,style_instruction,[],camille_pissarro,141,descriptive_all_available
gpt-image-2,claude_monet,2.048895371290355,color,64,style_instruction,[],paul_cezanne,105,descriptive_all_available
gpt-image-2,claude_monet,1.0235893715638826,spatial,64,style_instruction,[],claude_monet,297,descriptive_all_available
gpt-image-2,claude_monet,0.9309330764492265,spatial,64,style_instruction,[],alfred_sisley,106,descriptive_all_available
gpt-image-2,claude_monet,0.9023690825410879,spatial,64,style_instruction,[],camille_pissarro,141,descriptive_all_available
gpt-image-2,claude_monet,1.8995216956076604,spatial,64,style_instruction,[],paul_cezanne,105,descriptive_all_available
gpt-image-2,claude_monet,1.8576340639759588,texture,64,style_instruction,[],claude_monet,297,descriptive_all_available
gpt-image-2,claude_monet,1.5678913195150828,texture,64,style_instruction,[],alfred_sisley,106,descriptive_all_available
gpt-image-2,claude_monet,1.765819434748909,texture,64,style_instruction,[],camille_pissarro,141,descriptive_all_available
gpt-image-2,claude_monet,2.8191761245358675,texture,64,style_instruction,[],paul_cezanne,105,descriptive_all_available
gpt-image-2,alfred_sisley,0.8842530228433179,color,64,style_instruction,[],claude_monet,297,descriptive_all_available
gpt-image-2,alfred_sisley,0.7951407647818971,color,64,style_instruction,[],alfred_sisley,106,descriptive_all_available
gpt-image-2,alfred_sisley,0.7993095109604182,color,64,style_instruction,[],camille_pissarro,141,descriptive_all_available
gpt-image-2,alfred_sisley,2.2601097093510285,color,64,style_instruction,[],paul_cezanne,105,descriptive_all_available
gpt-image-2,alfred_sisley,0.7557270686300614,spatial,64,style_instruction,[],claude_monet,297,descriptive_all_available
gpt-image-2,alfred_sisley,0.666875113973528,spatial,64,style_instruction,[],alfred_sisley,106,descriptive_all_available
gpt-image-2,alfred_sisley,0.7232258903394104,spatial,64,style_instruction,[],camille_pissarro,141,descriptive_all_available
gpt-image-2,alfred_sisley,1.5403718294037487,spatial,64,style_instruction,[],paul_cezanne,105,descriptive_all_available
gpt-image-2,alfred_sisley,1.7772538633345414,texture,64,style_instruction,[],claude_monet,297,descriptive_all_available
gpt-image-2,alfred_sisley,1.4363120458929048,texture,64,style_instruction,[],alfred_sisley,106,descriptive_all_available
gpt-image-2,alfred_sisley,1.7026714927058146,texture,64,style_instruction,[],camille_pissarro,141,descriptive_all_available
gpt-image-2,alfred_sisley,2.8409221984936943,texture,64,style_instruction,[],paul_cezanne,105,descriptive_all_available
gpt-image-2,camille_pissarro,1.5222529920533292,color,64,style_instruction,[],claude_monet,297,descriptive_all_available
gpt-image-2,camille_pissarro,1.5114273889590435,color,64,style_instruction,[],alfred_sisley,106,descriptive_all_available
gpt-image-2,camille_pissarro,1.0404016282447142,color,64,style_instruction,[],camille_pissarro,141,descriptive_all_available
gpt-image-2,camille_pissarro,2.339116660204766,color,64,style_instruction,[],paul_cezanne,105,descriptive_all_available
gpt-image-2,camille_pissarro,1.1793273316179338,spatial,64,style_instruction,[],claude_monet,297,descriptive_all_available
gpt-image-2,camille_pissarro,1.0424740593327302,spatial,64,style_instruction,[],alfred_sisley,106,descriptive_all_available
gpt-image-2,camille_pissarro,0.8961626952765207,spatial,64,style_instruction,[],camille_pissarro,141,descriptive_all_available
gpt-image-2,camille_pissarro,1.9803416278629045,spatial,64,style_instruction,[],paul_cezanne,105,descriptive_all_available
gpt-image-2,camille_pissarro,1.87054077679633,texture,64,style_instruction,[],claude_monet,297,descriptive_all_available
gpt-image-2,camille_pissarro,1.668995536029107,texture,64,style_instruction,[],alfred_sisley,106,descriptive_all_available
gpt-image-2,camille_pissarro,1.6312055876515048,texture,64,style_instruction,[],camille_pissarro,141,descriptive_all_available
gpt-image-2,camille_pissarro,2.8476253007129295,texture,64,style_instruction,[],paul_cezanne,105,descriptive_all_available
gpt-image-2,paul_cezanne,0.9701942637287577,color,64,style_instruction,[],claude_monet,297,descriptive_all_available
gpt-image-2,paul_cezanne,1.1588494224679513,color,64,style_instruction,[],alfred_sisley,106,descriptive_all_available
gpt-image-2,paul_cezanne,1.2894399200634639,color,64,style_instruction,[],camille_pissarro,141,descriptive_all_available
gpt-image-2,paul_cezanne,0.831955477264374,color,64,style_instruction,[],paul_cezanne,105,descriptive_all_available
gpt-image-2,paul_cezanne,1.2392535870188555,spatial,64,style_instruction,[],claude_monet,297,descriptive_all_available
gpt-image-2,paul_cezanne,1.481702864757498,spatial,64,style_instruction,[],alfred_sisley,106,descriptive_all_available
gpt-image-2,paul_cezanne,1.4595634044302348,spatial,64,style_instruction,[],camille_pissarro,141,descriptive_all_available
gpt-image-2,paul_cezanne,0.7390550771242759,spatial,64,style_instruction,[],paul_cezanne,105,descriptive_all_available
gpt-image-2,paul_cezanne,1.86124381327835,texture,64,style_instruction,[],claude_monet,297,descriptive_all_available
gpt-image-2,paul_cezanne,2.254653698110957,texture,64,style_instruction,[],alfred_sisley,106,descriptive_all_available
gpt-image-2,paul_cezanne,2.481881029949035,texture,64,style_instruction,[],camille_pissarro,141,descriptive_all_available
gpt-image-2,paul_cezanne,2.228932903068214,texture,64,style_instruction,[],paul_cezanne,105,descriptive_all_available
gpt-image-2,artist_free,1.3355609080065234,color,64,style_instruction,[],claude_monet,297,descriptive_all_available
gpt-image-2,artist_free,1.1562480220414035,color,64,style_instruction,[],alfred_sisley,106,descriptive_all_available
gpt-image-2,artist_free,1.128104381327164,color,64,style_instruction,[],camille_pissarro,141,descriptive_all_available
gpt-image-2,artist_free,0.608844882435509,color,64,style_instruction,[],paul_cezanne,105,descriptive_all_available
gpt-image-2,artist_free,0.23303950734525536,spatial,64,style_instruction,[],claude_monet,297,descriptive_all_available
gpt-image-2,artist_free,0.37861381316555764,spatial,64,style_instruction,[],alfred_sisley,106,descriptive_all_available
gpt-image-2,artist_free,0.6742179925799978,spatial,64,style_instruction,[],camille_pissarro,141,descriptive_all_available
gpt-image-2,artist_free,0.78862463192679,spatial,64,style_instruction,[],paul_cezanne,105,descriptive_all_available
gpt-image-2,artist_free,1.1634653313633447,texture,64,style_instruction,[],claude_monet,297,descriptive_all_available
gpt-image-2,artist_free,1.3901029704236985,texture,64,style_instruction,[],alfred_sisley,106,descriptive_all_available
gpt-image-2,artist_free,1.1082397226025158,texture,64,style_instruction,[],camille_pissarro,141,descriptive_all_available
gpt-image-2,artist_free,1.4609719658238398,texture,64,style_instruction,[],paul_cezanne,105,descriptive_all_available
gpt-image-2,claude_monet,0.8952636009061472,color,64,style_aspects,[],claude_monet,297,descriptive_all_available
gpt-image-2,claude_monet,1.1450535892708016,color,64,style_aspects,[],alfred_sisley,106,descriptive_all_available
gpt-image-2,claude_monet,1.391767353070705,color,64,style_aspects,[],camille_pissarro,141,descriptive_all_available
gpt-image-2,claude_monet,1.9959263342235565,color,64,style_aspects,[],paul_cezanne,105,descriptive_all_available
gpt-image-2,claude_monet,0.9604716395387869,spatial,64,style_aspects,[],claude_monet,297,descriptive_all_available
gpt-image-2,claude_monet,0.8851611185770376,spatial,64,style_aspects,[],alfred_sisley,106,descriptive_all_available
gpt-image-2,claude_monet,0.8746145796861118,spatial,64,style_aspects,[],camille_pissarro,141,descriptive_all_available
gpt-image-2,claude_monet,1.7985432786655728,spatial,64,style_aspects,[],paul_cezanne,105,descriptive_all_available
gpt-image-2,claude_monet,1.8318115506586805,texture,64,style_aspects,[],claude_monet,297,descriptive_all_available
gpt-image-2,claude_monet,1.5434364290467086,texture,64,style_aspects,[],alfred_sisley,106,descriptive_all_available
gpt-image-2,claude_monet,1.7309418540855117,texture,64,style_aspects,[],camille_pissarro,141,descriptive_all_available
gpt-image-2,claude_monet,2.769891730535474,texture,64,style_aspects,[],paul_cezanne,105,descriptive_all_available
gpt-image-2,alfred_sisley,0.8647113045040633,color,64,style_aspects,[],claude_monet,297,descriptive_all_available
gpt-image-2,alfred_sisley,0.8004376585915163,color,64,style_aspects,[],alfred_sisley,106,descriptive_all_available
gpt-image-2,alfred_sisley,0.9031502325520575,color,64,style_aspects,[],camille_pissarro,141,descriptive_all_available
gpt-image-2,alfred_sisley,2.282980380115646,color,64,style_aspects,[],paul_cezanne,105,descriptive_all_available
gpt-image-2,alfred_sisley,0.7823439943684978,spatial,64,style_aspects,[],claude_monet,297,descriptive_all_available
gpt-image-2,alfred_sisley,0.6866485707986811,spatial,64,style_aspects,[],alfred_sisley,106,descriptive_all_available
gpt-image-2,alfred_sisley,0.7399082035988207,spatial,64,style_aspects,[],camille_pissarro,141,descriptive_all_available
gpt-image-2,alfred_sisley,1.5647240252115586,spatial,64,style_aspects,[],paul_cezanne,105,descriptive_all_available
gpt-image-2,alfred_sisley,1.786639678165911,texture,64,style_aspects,[],claude_monet,297,descriptive_all_available
gpt-image-2,alfred_sisley,1.4708727533466273,texture,64,style_aspects,[],alfred_sisley,106,descriptive_all_available
gpt-image-2,alfred_sisley,1.7048987679232819,texture,64,style_aspects,[],camille_pissarro,141,descriptive_all_available
gpt-image-2,alfred_sisley,2.889775213420421,texture,64,style_aspects,[],paul_cezanne,105,descriptive_all_available
gpt-image-2,camille_pissarro,1.250035180722826,color,64,style_aspects,[],claude_monet,297,descriptive_all_available
gpt-image-2,camille_pissarro,1.2987050233562751,color,64,style_aspects,[],alfred_sisley,106,descriptive_all_available
gpt-image-2,camille_pissarro,0.8908976013616612,color,64,style_aspects,[],camille_pissarro,141,descriptive_all_available
gpt-image-2,camille_pissarro,2.1782279775623956,color,64,style_aspects,[],paul_cezanne,105,descriptive_all_available
gpt-image-2,camille_pissarro,1.1939579091630466,spatial,64,style_aspects,[],claude_monet,297,descriptive_all_available
gpt-image-2,camille_pissarro,1.0457168110968145,spatial,64,style_aspects,[],alfred_sisley,106,descriptive_all_available
gpt-image-2,camille_pissarro,0.8946137335203443,spatial,64,style_aspects,[],camille_pissarro,141,descriptive_all_available
gpt-image-2,camille_pissarro,1.999662633888123,spatial,64,style_aspects,[],paul_cezanne,105,descriptive_all_available
gpt-image-2,camille_pissarro,1.974733730176665,texture,64,style_aspects,[],claude_monet,297,descriptive_all_available
gpt-image-2,camille_pissarro,1.7350964108772082,texture,64,style_aspects,[],alfred_sisley,106,descriptive_all_available
gpt-image-2,camille_pissarro,1.7308288939712373,texture,64,style_aspects,[],camille_pissarro,141,descriptive_all_available
gpt-image-2,camille_pissarro,2.9514715433984624,texture,64,style_aspects,[],paul_cezanne,105,descriptive_all_available
gpt-image-2,paul_cezanne,0.9412482364786725,color,64,style_aspects,[],claude_monet,297,descriptive_all_available
gpt-image-2,paul_cezanne,1.1331058930949958,color,64,style_aspects,[],alfred_sisley,106,descriptive_all_available
gpt-image-2,paul_cezanne,1.3029231474886447,color,64,style_aspects,[],camille_pissarro,141,descriptive_all_available
gpt-image-2,paul_cezanne,0.7813665578564586,color,64,style_aspects,[],paul_cezanne,105,descriptive_all_available
gpt-image-2,paul_cezanne,1.1547395874563189,spatial,64,style_aspects,[],claude_monet,297,descriptive_all_available
gpt-image-2,paul_cezanne,1.3516529786394398,spatial,64,style_aspects,[],alfred_sisley,106,descriptive_all_available
gpt-image-2,paul_cezanne,1.295659481855842,spatial,64,style_aspects,[],camille_pissarro,141,descriptive_all_available
gpt-image-2,paul_cezanne,0.688605781987782,spatial,64,style_aspects,[],paul_cezanne,105,descriptive_all_available
gpt-image-2,paul_cezanne,1.7071481993792346,texture,64,style_aspects,[],claude_monet,297,descriptive_all_available
gpt-image-2,paul_cezanne,1.9605860493840943,texture,64,style_aspects,[],alfred_sisley,106,descriptive_all_available
gpt-image-2,paul_cezanne,2.261725562088226,texture,64,style_aspects,[],camille_pissarro,141,descriptive_all_available
gpt-image-2,paul_cezanne,1.936714060597994,texture,64,style_aspects,[],paul_cezanne,105,descriptive_all_available
gpt-image-2,artist_free,1.40698844946659,color,64,style_aspects,[],claude_monet,297,descriptive_all_available
gpt-image-2,artist_free,1.2695316362492612,color,64,style_aspects,[],alfred_sisley,106,descriptive_all_available
gpt-image-2,artist_free,1.2010509506911748,color,64,style_aspects,[],camille_pissarro,141,descriptive_all_available
gpt-image-2,artist_free,0.6179744291385745,color,64,style_aspects,[],paul_cezanne,105,descriptive_all_available
gpt-image-2,artist_free,0.22915506852539735,spatial,64,style_aspects,[],claude_monet,297,descriptive_all_available
gpt-image-2,artist_free,0.3784671173575198,spatial,64,style_aspects,[],alfred_sisley,106,descriptive_all_available
gpt-image-2,artist_free,0.6105565354807445,spatial,64,style_aspects,[],camille_pissarro,141,descriptive_all_available
gpt-image-2,artist_free,0.6585465424127368,spatial,64,style_aspects,[],paul_cezanne,105,descriptive_all_available
gpt-image-2,artist_free,1.2642229323672942,texture,64,style_aspects,[],claude_monet,297,descriptive_all_available
gpt-image-2,artist_free,1.449049739220749,texture,64,style_aspects,[],alfred_sisley,106,descriptive_all_available
gpt-image-2,artist_free,1.255165724245126,texture,64,style_aspects,[],camille_pissarro,141,descriptive_all_available
gpt-image-2,artist_free,1.423955596709383,texture,64,style_aspects,[],paul_cezanne,105,descriptive_all_available
