after,after_distance,alias,before,before_distance,both_measured_pairs,estimate,exceedances,family,holm_input,holm_p,method,missing_templates,null,painter_id,pairs,permutations,raw_p,reject_holm,seed,status,tie_tolerance,zero_contributions
style_instruction,0.8194595346421361,gpt-image-1,by_name,0.5948073821162723,64,0.2246521525258634,51,color,0.00052,0.024439999999999996,monte_carlo_paired_randomization,[],"joint sharp no-method-effect on availability AND measured features, with no interference across requests, conditional on third-method slots; not equal distances or feature-only null",claude_monet,64,99999,0.00052,True,8526061567828780593,conditional_joint_randomization,2.940564383880111e-15,False
style_aspects,0.9698600827230401,gpt-image-1,style_instruction,0.8194595346421361,64,0.15040054808090553,6176,color,0.06177,1.0,monte_carlo_paired_randomization,[],"joint sharp no-method-effect on availability AND measured features, with no interference across requests, conditional on third-method slots; not equal distances or feature-only null",claude_monet,64,99999,0.06177,False,2549219457227373242,conditional_joint_randomization,3.47254661174966e-15,False
style_instruction,0.941634045360308,gpt-image-1,by_name,0.7943690355082103,64,0.1472650098520979,7677,spatial,0.07678,1.0,monte_carlo_paired_randomization,[],"joint sharp no-method-effect on availability AND measured features, with no interference across requests, conditional on third-method slots; not equal distances or feature-only null",claude_monet,64,99999,0.07678,False,4239378522246056177,conditional_joint_randomization,3.618637642199001e-15,False
style_aspects,0.9925509786851023,gpt-image-1,style_instruction,0.941634045360308,64,0.05091693332479343,48130,spatial,0.48131,1.0,monte_carlo_paired_randomization,[],"joint sharp no-method-effect on availability AND measured features, with no interference across requests, conditional on third-method slots; not equal distances or feature-only null",claude_monet,64,99999,0.48131,False,7600965194645768423,conditional_joint_randomization,3.0435494331090338e-15,False
style_instruction,1.7233321921887483,gpt-image-1,by_name,1.6772200344842,64,0.046112157704546936,63633,texture,0.63634,1.0,monte_carlo_paired_randomization,[],"joint sharp no-method-effect on availability AND measured features, with no interference across requests, conditional on third-method slots; not equal distances or feature-only null",claude_monet,64,99999,0.63634,False,17776740525309306012,conditional_joint_randomization,3.981349958338728e-15,False
style_aspects,1.8277656487820566,gpt-image-1,style_instruction,1.7233321921887483,64,0.10443345659331019,26153,texture,0.26154,1.0,monte_carlo_paired_randomization,[],"joint sharp no-method-effect on availability AND measured features, with no interference across requests, conditional on third-method slots; not equal distances or feature-only null",claude_monet,64,99999,0.26154,False,7211021512779042324,conditional_joint_randomization,4.210431930820981e-15,False
style_instruction,0.8762278618095296,gpt-image-1,by_name,0.752500521923622,64,0.12372733988590724,2157,color,0.02158,0.7768799999999999,monte_carlo_paired_randomization,[],"joint sharp no-method-effect on availability AND measured features, with no interference across requests, conditional on third-method slots; not equal distances or feature-only null",alfred_sisley,64,99999,0.02158,False,6949674591777627134,conditional_joint_randomization,2.4109823346574872e-15,False
style_aspects,0.8349343985421545,gpt-image-1,style_instruction,0.8762278618095296,64,-0.041293463267374486,49262,color,0.49263,1.0,monte_carlo_paired_randomization,[],"joint sharp no-method-effect on availability AND measured features, with no interference across requests, conditional on third-method slots; not equal distances or feature-only null",alfred_sisley,64,99999,0.49263,False,14078487264274472590,conditional_joint_randomization,2.8029358155718844e-15,False
style_instruction,0.5817114141535393,gpt-image-1,by_name,0.5167665539215607,64,0.06494486023197804,21850,spatial,0.21851,1.0,monte_carlo_paired_randomization,[],"joint sharp no-method-effect on availability AND measured features, with no interference across requests, conditional on third-method slots; not equal distances or feature-only null",alfred_sisley,64,99999,0.21851,False,10039720896719556740,conditional_joint_randomization,2.3766388854642345e-15,False
style_aspects,0.6024433534123992,gpt-image-1,style_instruction,0.5817114141535393,64,0.02073193925885966,71123,spatial,0.71124,1.0,monte_carlo_paired_randomization,[],"joint sharp no-method-effect on availability AND measured features, with no interference across requests, conditional on third-method slots; not equal distances or feature-only null",alfred_sisley,64,99999,0.71124,False,15511380033989912698,conditional_joint_randomization,2.5111392131112845e-15,False
style_instruction,1.408914688670019,gpt-image-1,by_name,1.1850752223069283,64,0.2238394663630905,230,texture,0.00231,0.10395,monte_carlo_paired_randomization,[],"joint sharp no-method-effect on availability AND measured features, with no interference across requests, conditional on third-method slots; not equal distances or feature-only null",alfred_sisley,64,99999,0.00231,False,3038850813651415347,conditional_joint_randomization,3.365870935415285e-15,False
style_aspects,1.4641348320749528,gpt-image-1,style_instruction,1.408914688670019,64,0.05522014340493364,45080,texture,0.45081,1.0,monte_carlo_paired_randomization,[],"joint sharp no-method-effect on availability AND measured features, with no interference across requests, conditional on third-method slots; not equal distances or feature-only null",alfred_sisley,64,99999,0.45081,False,6266020465833496118,conditional_joint_randomization,3.098781699208349e-15,False
style_instruction,1.0680616975454318,gpt-image-1,by_name,0.9068119045390386,63,0.16124979300639453,3281,color,0.03282,1.0,monte_carlo_paired_randomization,[],"joint sharp no-method-effect on availability AND measured features, with no interference across requests, conditional on third-method slots; not equal distances or feature-only null",camille_pissarro,63,99999,0.03282,False,12622167473383666135,conditional_joint_randomization,3.406088253454114e-15,False
style_aspects,0.8715874293538928,gpt-image-1,style_instruction,1.0744942826693404,64,-0.2029068533154474,319,color,0.0032,0.1408,monte_carlo_paired_randomization,[],"joint sharp no-method-effect on availability AND measured features, with no interference across requests, conditional on third-method slots; not equal distances or feature-only null",camille_pissarro,64,99999,0.0032,False,13965521763301733771,conditional_joint_randomization,2.959709268767649e-15,False
style_instruction,0.8920074647720162,gpt-image-1,by_name,0.7097651713320818,63,0.18224229343993448,639,spatial,0.0064,0.2624,monte_carlo_paired_randomization,[],"joint sharp no-method-effect on availability AND measured features, with no interference across requests, conditional on third-method slots; not equal distances or feature-only null",camille_pissarro,63,99999,0.0064,False,12215273926601293731,conditional_joint_randomization,2.9802895041334965e-15,False
style_aspects,0.8794619831193049,gpt-image-1,style_instruction,0.9018986435482246,64,-0.02243666042891903,72477,spatial,0.72478,1.0,monte_carlo_paired_randomization,[],"joint sharp no-method-effect on availability AND measured features, with no interference across requests, conditional on third-method slots; not equal distances or feature-only null",camille_pissarro,64,99999,0.72478,False,12332960663104041825,conditional_joint_randomization,2.8513192475694818e-15,False
style_instruction,1.6279650553860936,gpt-image-1,by_name,1.3650226182578415,63,0.26294243712825033,330,texture,0.00331,0.14233,monte_carlo_paired_randomization,[],"joint sharp no-method-effect on availability AND measured features, with no interference across requests, conditional on third-method slots; not equal distances or feature-only null",camille_pissarro,63,99999,0.00331,False,13919242732091421547,conditional_joint_randomization,3.748293471394204e-15,False
style_aspects,1.7123014751885266,gpt-image-1,style_instruction,1.6359106797035634,64,0.07639079548496396,33597,texture,0.33598,1.0,monte_carlo_paired_randomization,[],"joint sharp no-method-effect on availability AND measured features, with no interference across requests, conditional on third-method slots; not equal distances or feature-only null",camille_pissarro,64,99999,0.33598,False,7981753758381342569,conditional_joint_randomization,3.2116319899149424e-15,False
style_instruction,0.8757962164797974,gpt-image-1,by_name,0.7117387172504157,63,0.16405749922938123,2021,color,0.02022,0.7481399999999999,monte_carlo_paired_randomization,[],"joint sharp no-method-effect on availability AND measured features, with no interference across requests, conditional on third-method slots; not equal distances or feature-only null",paul_cezanne,63,99999,0.02022,False,295594620794085959,conditional_joint_randomization,3.3173897725272134e-15,False
style_aspects,0.7591406956931179,gpt-image-1,style_instruction,0.87752373157825,64,-0.11838303588513091,8287,color,0.08288,1.0,monte_carlo_paired_randomization,[],"joint sharp no-method-effect on availability AND measured features, with no interference across requests, conditional on third-method slots; not equal distances or feature-only null",paul_cezanne,64,99999,0.08288,False,1744516079627867606,conditional_joint_randomization,2.9381288786534433e-15,False
style_instruction,0.736004257250761,gpt-image-1,by_name,0.6247394744671944,63,0.1112647827835658,7026,spatial,0.07027,1.0,monte_carlo_paired_randomization,[],"joint sharp no-method-effect on availability AND measured features, with no interference across requests, conditional on third-method slots; not equal distances or feature-only null",paul_cezanne,63,99999,0.07027,False,7989710571871954162,conditional_joint_randomization,2.5324969834298226e-15,False
style_aspects,0.6450429992718774,gpt-image-1,style_instruction,0.7353433759263746,64,-0.09030037665449786,10280,spatial,0.10281,1.0,monte_carlo_paired_randomization,[],"joint sharp no-method-effect on availability AND measured features, with no interference across requests, conditional on third-method slots; not equal distances or feature-only null",paul_cezanne,64,99999,0.10281,False,3465400752598631184,conditional_joint_randomization,2.5419001611635285e-15,False
style_instruction,2.2346773746096615,gpt-image-1,by_name,2.0668419711598487,63,0.16783540344981224,27082,texture,0.27083,1.0,monte_carlo_paired_randomization,[],"joint sharp no-method-effect on availability AND measured features, with no interference across requests, conditional on third-method slots; not equal distances or feature-only null",paul_cezanne,63,99999,0.27083,False,17905179189839287556,conditional_joint_randomization,6.406921659572796e-15,False
style_aspects,2.0313548773085555,gpt-image-1,style_instruction,2.2360777656585147,64,-0.2047228883499587,12442,texture,0.12443,1.0,monte_carlo_paired_randomization,[],"joint sharp no-method-effect on availability AND measured features, with no interference across requests, conditional on third-method slots; not equal distances or feature-only null",paul_cezanne,64,99999,0.12443,False,10104170479986987600,conditional_joint_randomization,6.0211441390114325e-15,False
style_instruction,0.8584413967134195,gpt-image-2,by_name,0.5003885222942783,64,0.35805287441914124,0,color,1e-05,0.00048000000000000007,monte_carlo_paired_randomization,[],"joint sharp no-method-effect on availability AND measured features, with no interference across requests, conditional on third-method slots; not equal distances or feature-only null",claude_monet,64,99999,1e-05,True,7988771552422306345,conditional_joint_randomization,2.9370744095555536e-15,False
style_aspects,0.8952636009061472,gpt-image-2,style_instruction,0.8584413967134195,64,0.03682220419272784,59137,color,0.59138,1.0,monte_carlo_paired_randomization,[],"joint sharp no-method-effect on availability AND measured features, with no interference across requests, conditional on third-method slots; not equal distances or feature-only null",claude_monet,64,99999,0.59138,False,17196051194417406970,conditional_joint_randomization,2.9477093749217786e-15,False
style_instruction,1.0235893715638826,gpt-image-2,by_name,0.8220854827202841,64,0.2015038888435986,1056,spatial,0.01057,0.42279999999999995,monte_carlo_paired_randomization,[],"joint sharp no-method-effect on availability AND measured features, with no interference across requests, conditional on third-method slots; not equal distances or feature-only null",claude_monet,64,99999,0.01057,False,18277672292301600529,conditional_joint_randomization,3.4056717950221595e-15,False
style_aspects,0.9604716395387869,gpt-image-2,style_instruction,1.0235893715638826,64,-0.06311773202509532,43408,spatial,0.43409,1.0,monte_carlo_paired_randomization,[],"joint sharp no-method-effect on availability AND measured features, with no interference across requests, conditional on third-method slots; not equal distances or feature-only null",claude_monet,64,99999,0.43409,False,1261344119536716161,conditional_joint_randomization,3.576559236856098e-15,False
style_instruction,1.8576340639759588,gpt-image-2,by_name,1.64191540372201,64,0.2157186602539491,2808,texture,0.02809,0.98315,monte_carlo_paired_randomization,[],"joint sharp no-method-effect on availability AND measured features, with no interference across requests, conditional on third-method slots; not equal distances or feature-only null",claude_monet,64,99999,0.02809,False,14523561725840195539,conditional_joint_randomization,4.446344596082742e-15,False
style_aspects,1.8318115506586805,gpt-image-2,style_instruction,1.8576340639759588,64,-0.02582251331727764,76346,texture,0.76347,1.0,monte_carlo_paired_randomization,[],"joint sharp no-method-effect on availability AND measured features, with no interference across requests, conditional on third-method slots; not equal distances or feature-only null",claude_monet,64,99999,0.76347,False,7240942501285822621,conditional_joint_randomization,3.868796042903482e-15,False
style_instruction,0.7951407647818971,gpt-image-2,by_name,0.7529104736001548,64,0.042230291181741965,49022,color,0.49023,1.0,monte_carlo_paired_randomization,[],"joint sharp no-method-effect on availability AND measured features, with no interference across requests, conditional on third-method slots; not equal distances or feature-only null",alfred_sisley,64,99999,0.49023,False,6571861066594873171,conditional_joint_randomization,2.7152511573948357e-15,False
style_aspects,0.8004376585915163,gpt-image-2,style_instruction,0.7951407647818971,64,0.005296893809620125,92370,color,0.92371,1.0,monte_carlo_paired_randomization,[],"joint sharp no-method-effect on availability AND measured features, with no interference across requests, conditional on third-method slots; not equal distances or feature-only null",alfred_sisley,64,99999,0.92371,False,2319042065742462515,conditional_joint_randomization,2.562971616127573e-15,False
style_instruction,0.666875113973528,gpt-image-2,by_name,0.5664964262778693,64,0.10037868769565836,1831,spatial,0.01832,0.69616,monte_carlo_paired_randomization,[],"joint sharp no-method-effect on availability AND measured features, with no interference across requests, conditional on third-method slots; not equal distances or feature-only null",alfred_sisley,64,99999,0.01832,False,6093253902063793426,conditional_joint_randomization,2.0358785017950405e-15,False
style_aspects,0.6866485707986811,gpt-image-2,style_instruction,0.666875113973528,64,0.019773456825152996,69687,spatial,0.69688,1.0,monte_carlo_paired_randomization,[],"joint sharp no-method-effect on availability AND measured features, with no interference across requests, conditional on third-method slots; not equal distances or feature-only null",alfred_sisley,64,99999,0.69688,False,5344774900296824849,conditional_joint_randomization,2.2872329491824594e-15,False
style_instruction,1.4363120458929048,gpt-image-2,by_name,1.3201149763709745,64,0.11619706952192983,13454,texture,0.13455,1.0,monte_carlo_paired_randomization,[],"joint sharp no-method-effect on availability AND measured features, with no interference across requests, conditional on third-method slots; not equal distances or feature-only null",alfred_sisley,64,99999,0.13455,False,3527280921975659575,conditional_joint_randomization,3.37120905258241e-15,False
style_aspects,1.4708727533466273,gpt-image-2,style_instruction,1.4363120458929048,64,0.03456070745372304,62526,texture,0.62527,1.0,monte_carlo_paired_randomization,[],"joint sharp no-method-effect on availability AND measured features, with no interference across requests, conditional on third-method slots; not equal distances or feature-only null",alfred_sisley,64,99999,0.62527,False,6894343674903748240,conditional_joint_randomization,3.176422261176396e-15,False
style_instruction,1.0404016282447142,gpt-image-2,by_name,1.009620987710993,64,0.030780640533722772,67056,color,0.67057,1.0,monte_carlo_paired_randomization,[],"joint sharp no-method-effect on availability AND measured features, with no interference across requests, conditional on third-method slots; not equal distances or feature-only null",camille_pissarro,64,99999,0.67057,False,7547658849170089466,conditional_joint_randomization,3.248608589856943e-15,False
style_aspects,0.8908976013616612,gpt-image-2,style_instruction,1.0404016282447142,64,-0.1495040268830536,527,color,0.00528,0.22176,monte_carlo_paired_randomization,[],"joint sharp no-method-effect on availability AND measured features, with no interference across requests, conditional on third-method slots; not equal distances or feature-only null",camille_pissarro,64,99999,0.00528,False,9400125548854772194,conditional_joint_randomization,2.3130388429104802e-15,False
style_instruction,0.8961626952765207,gpt-image-2,by_name,0.7653347704961937,64,0.13082792478032734,4184,spatial,0.04185,1.0,monte_carlo_paired_randomization,[],"joint sharp no-method-effect on availability AND measured features, with no interference across requests, conditional on third-method slots; not equal distances or feature-only null",camille_pissarro,64,99999,0.04185,False,10576200055364222831,conditional_joint_randomization,2.662591504153433e-15,False
style_aspects,0.8946137335203443,gpt-image-2,style_instruction,0.8961626952765207,64,-0.0015489617561752211,97962,spatial,0.97963,1.0,monte_carlo_paired_randomization,[],"joint sharp no-method-effect on availability AND measured features, with no interference across requests, conditional on third-method slots; not equal distances or feature-only null",camille_pissarro,64,99999,0.97963,False,10695888919283848686,conditional_joint_randomization,2.6155510757919046e-15,False
style_instruction,1.6312055876515048,gpt-image-2,by_name,1.337881042027715,64,0.2933245456237904,57,texture,0.00058,0.02668,monte_carlo_paired_randomization,[],"joint sharp no-method-effect on availability AND measured features, with no interference across requests, conditional on third-method slots; not equal distances or feature-only null",camille_pissarro,64,99999,0.00058,True,6144478298886083941,conditional_joint_randomization,3.640011992222133e-15,False
style_aspects,1.7308288939712373,gpt-image-2,style_instruction,1.6312055876515048,64,0.09962330631973118,15602,texture,0.15603,1.0,monte_carlo_paired_randomization,[],"joint sharp no-method-effect on availability AND measured features, with no interference across requests, conditional on third-method slots; not equal distances or feature-only null",camille_pissarro,64,99999,0.15603,False,18228168472549074375,conditional_joint_randomization,3.016853009527259e-15,False
style_instruction,0.831955477264374,gpt-image-2,by_name,0.8232198333655629,64,0.008735643898809708,89516,color,0.89517,1.0,monte_carlo_paired_randomization,[],"joint sharp no-method-effect on availability AND measured features, with no interference across requests, conditional on third-method slots; not equal distances or feature-only null",paul_cezanne,64,99999,0.89517,False,16933864483615702289,conditional_joint_randomization,3.0341072477603655e-15,False
style_aspects,0.7813665578564586,gpt-image-2,style_instruction,0.831955477264374,64,-0.0505889194079142,45584,color,0.45585,1.0,monte_carlo_paired_randomization,[],"joint sharp no-method-effect on availability AND measured features, with no interference across requests, conditional on third-method slots; not equal distances or feature-only null",paul_cezanne,64,99999,0.45585,False,14930675404736954103,conditional_joint_randomization,3.1246223950406234e-15,False
style_instruction,0.7390550771242759,gpt-image-2,by_name,0.634113503073451,64,0.10494157405082445,18877,spatial,0.18878,1.0,monte_carlo_paired_randomization,[],"joint sharp no-method-effect on availability AND measured features, with no interference across requests, conditional on third-method slots; not equal distances or feature-only null",paul_cezanne,64,99999,0.18878,False,12695585073626531825,conditional_joint_randomization,3.727549447837728e-15,False
style_aspects,0.688605781987782,gpt-image-2,style_instruction,0.7390550771242759,64,-0.050449295136494196,40322,spatial,0.40323,1.0,monte_carlo_paired_randomization,[],"joint sharp no-method-effect on availability AND measured features, with no interference across requests, conditional on third-method slots; not equal distances or feature-only null",paul_cezanne,64,99999,0.40323,False,9645518529146829152,conditional_joint_randomization,2.8741243248373805e-15,False
style_instruction,2.228932903068214,gpt-image-2,by_name,2.119113419741494,64,0.1098194833267195,46625,texture,0.46626,1.0,monte_carlo_paired_randomization,[],"joint sharp no-method-effect on availability AND measured features, with no interference across requests, conditional on third-method slots; not equal distances or feature-only null",paul_cezanne,64,99999,0.46626,False,80349513730925117,conditional_joint_randomization,6.529387132845743e-15,False
style_aspects,1.936714060597994,gpt-image-2,style_instruction,2.228932903068214,64,-0.2922188424702217,1191,texture,0.01192,0.46488,monte_carlo_paired_randomization,[],"joint sharp no-method-effect on availability AND measured features, with no interference across requests, conditional on third-method slots; not equal distances or feature-only null",paul_cezanne,64,99999,0.01192,False,8556801859583985576,conditional_joint_randomization,5.128747493201295e-15,False
