completed_at_utc,request_id,window
2026-09-06T14:30:12.535380+00:00,slot0000,0
2026-09-06T14:30:27.426090+00:00,slot0001,0
2026-09-06T14:30:36.571561+00:00,slot0004,0
2026-09-06T14:30:38.253311+00:00,slot0014,0
2026-09-06T14:30:39.729972+00:00,slot0002,0
2026-09-06T14:30:52.963900+00:00,slot0003,0
2026-09-06T14:31:04.700755+00:00,slot0006,0
2026-09-06T14:31:11.476897+00:00,slot0005,0
2026-09-06T14:31:16.328970+00:00,slot0007,0
2026-09-06T14:31:19.368322+00:00,slot0015,0
2026-09-06T14:31:27.654478+00:00,slot0010,0
2026-09-06T14:31:33.923284+00:00,slot0008,0
2026-09-06T14:31:38.806379+00:00,slot0011,0
2026-09-06T14:31:45.240058+00:00,slot0016,0
2026-09-06T14:31:50.181541+00:00,slot0012,0
2026-09-06T14:31:59.669016+00:00,slot0009,0
2026-09-06T14:32:00.771300+00:00,slot0013,0
2026-09-06T14:32:16.824958+00:00,slot0017,0
2026-09-06T14:32:20.235772+00:00,slot0025,0
2026-09-06T14:32:25.332157+00:00,slot0019,0
2026-09-06T14:32:27.955505+00:00,slot0018,0
2026-09-06T14:32:42.866438+00:00,slot0030,0
2026-09-06T14:32:48.302394+00:00,slot0026,0
2026-09-06T14:32:52.731181+00:00,slot0031,0
2026-09-06T14:32:53.187324+00:00,slot0020,0
2026-09-06T14:33:09.922584+00:00,slot0040,0
2026-09-06T14:33:16.440097+00:00,slot0021,0
2026-09-06T14:33:19.842087+00:00,slot0027,0
2026-09-06T14:33:21.649532+00:00,slot0041,0
2026-09-06T14:33:38.379890+00:00,slot0052,0
2026-09-06T14:33:46.478824+00:00,slot0032,0
2026-09-06T14:33:49.830747+00:00,slot0053,0
2026-09-06T14:33:54.222315+00:00,slot0022,0
2026-09-06T14:34:02.615336+00:00,slot0071,0
2026-09-06T14:34:09.835600+00:00,slot0033,0
2026-09-06T14:34:14.536105+00:00,slot0072,0
2026-09-06T14:34:22.964119+00:00,slot0023,0
2026-09-06T14:34:27.394275+00:00,slot0088,0
2026-09-06T14:34:32.478624+00:00,slot0034,0
2026-09-06T14:34:37.544681+00:00,slot0089,0
2026-09-06T14:34:45.337909+00:00,slot0024,0
2026-09-06T14:34:49.002285+00:00,slot0098,0
2026-09-06T14:35:01.535932+00:00,slot0099,0
2026-09-06T14:35:02.742726+00:00,slot0035,0
2026-09-06T14:35:07.139708+00:00,slot0028,0
2026-09-06T14:35:12.697804+00:00,slot0109,0
2026-09-06T14:35:15.989572+00:00,slot0036,0
2026-09-06T14:35:41.357738+00:00,slot0029,0
2026-09-06T14:50:27.933627+00:00,slot0110,0
2026-09-06T14:50:39.636469+00:00,slot0038,0
2026-09-06T14:50:43.376585+00:00,slot0111,0
2026-09-06T14:50:52.964264+00:00,slot0037,0
2026-09-06T14:50:55.436036+00:00,slot0112,0
2026-09-06T14:51:08.158005+00:00,slot0039,0
2026-09-06T14:51:09.113492+00:00,slot0113,0
2026-09-06T14:51:21.439821+00:00,slot0046,0
2026-09-06T14:51:24.179232+00:00,slot0114,0
2026-09-06T14:51:34.187580+00:00,slot0042,0
2026-09-06T14:51:38.475679+00:00,slot0117,0
2026-09-06T14:51:44.809891+00:00,slot0047,0
2026-09-06T14:51:51.086688+00:00,slot0043,0
2026-09-06T14:51:51.266265+00:00,slot0118,0
2026-09-06T14:52:07.104759+00:00,slot0122,0
2026-09-06T14:52:12.224304+00:00,slot0048,0
2026-09-06T14:52:15.649766+00:00,slot0044,0
2026-09-06T14:52:19.726276+00:00,slot0123,0
2026-09-06T14:52:32.724013+00:00,slot0124,0
2026-09-06T14:52:40.224533+00:00,slot0049,0
2026-09-06T14:52:43.806594+00:00,slot0125,0
2026-09-06T14:53:01.027545+00:00,slot0045,0
2026-09-06T14:53:02.247679+00:00,slot0050,0
2026-09-06T14:53:26.286338+00:00,slot0069,0
2026-09-06T14:53:32.135505+00:00,slot0051,0
2026-09-06T14:53:53.420266+00:00,slot0070,0
2026-09-06T14:54:04.493035+00:00,slot0054,0
2026-09-06T14:54:09.129906+00:00,slot0079,0
2026-09-06T14:54:31.709414+00:00,slot0055,0
2026-09-06T14:54:34.411407+00:00,slot0080,0
2026-09-06T14:54:55.243932+00:00,slot0056,0
2026-09-06T14:55:01.497800+00:00,slot0084,0
2026-09-06T14:55:19.291936+00:00,slot0057,0
2026-09-06T14:55:23.149006+00:00,slot0085,0
2026-09-06T14:55:42.212403+00:00,slot0058,0
2026-09-06T14:55:47.047787+00:00,slot0086,0
2026-09-06T14:56:09.310781+00:00,slot0087,0
2026-09-06T14:56:12.921976+00:00,slot0059,0
2026-09-06T14:56:30.125850+00:00,slot0093,0
2026-09-06T14:56:38.216396+00:00,slot0060,0
2026-09-06T14:56:46.428949+00:00,slot0094,0
2026-09-06T14:57:05.329912+00:00,slot0061,0
2026-09-06T14:57:16.124009+00:00,slot0100,0
2026-09-06T14:57:30.497369+00:00,slot0062,0
2026-09-06T14:57:36.393333+00:00,slot0101,0
2026-09-06T14:58:02.657803+00:00,slot0063,0
2026-09-06T14:58:05.163766+00:00,slot0102,0
2026-09-06T14:58:31.749470+00:00,slot0103,0
2026-09-06T14:58:36.752000+00:00,slot0064,0
2026-09-06T14:58:51.814116+00:00,slot0107,0
2026-09-06T15:30:47.762981+00:00,slot0108,0
2026-09-06T14:59:05.864543+00:00,slot0065,0
2026-09-06T15:29:47.234370+00:00,slot0066,0
2026-09-06T15:30:12.869964+00:00,slot0067,0
2026-09-06T15:30:40.817280+00:00,slot0068,0
2026-09-06T15:31:10.483229+00:00,slot0073,0
2026-09-06T15:31:15.024858+00:00,slot0115,0
2026-09-06T15:31:37.960641+00:00,slot0116,0
2026-09-06T15:31:39.095272+00:00,slot0074,0
2026-09-06T15:32:01.221089+00:00,slot0075,0
2026-09-06T15:32:25.153930+00:00,slot0076,0
2026-09-06T15:32:48.721035+00:00,slot0077,0
2026-09-06T15:33:10.006066+00:00,slot0078,0
2026-09-06T15:33:37.763542+00:00,slot0081,0
2026-09-06T15:34:05.258464+00:00,slot0082,0
2026-09-06T15:34:31.577786+00:00,slot0083,0
2026-09-06T15:35:00.432348+00:00,slot0090,0
2026-09-06T15:35:25.580686+00:00,slot0091,0
2026-09-06T15:35:49.259959+00:00,slot0092,0
2026-09-06T15:36:14.322267+00:00,slot0095,0
2026-09-06T15:36:39.408136+00:00,slot0096,0
2026-09-06T15:37:01.642031+00:00,slot0097,0
2026-09-06T15:37:26.188712+00:00,slot0104,0
2026-09-06T15:37:52.698324+00:00,slot0105,0
2026-09-06T15:38:17.192857+00:00,slot0106,0
2026-09-06T15:38:48.417687+00:00,slot0119,0
2026-09-06T15:39:14.701499+00:00,slot0120,0
2026-09-06T15:39:40.387144+00:00,slot0121,0
2026-09-06T17:30:11.868753+00:00,slot0141,1
2026-09-06T17:30:22.326915+00:00,slot0126,1
2026-09-06T17:30:27.738102+00:00,slot0142,1
2026-09-06T17:30:36.862537+00:00,slot0146,1
2026-09-06T17:30:38.212054+00:00,slot0130,1
2026-09-06T17:30:43.502182+00:00,slot0127,1
2026-09-06T17:30:47.908188+00:00,slot0147,1
2026-09-06T17:31:03.053480+00:00,slot0154,1
2026-09-06T17:31:05.734546+00:00,slot0128,1
2026-09-06T17:31:11.761287+00:00,slot0131,1
2026-09-06T17:31:14.463760+00:00,slot0155,1
2026-09-06T17:31:28.176556+00:00,slot0129,1
2026-09-06T17:31:28.300282+00:00,slot0164,1
2026-09-06T17:31:36.545432+00:00,slot0132,1
2026-09-06T17:31:43.724019+00:00,slot0165,1
2026-09-06T17:31:50.318613+00:00,slot0133,1
2026-09-06T17:31:56.396451+00:00,slot0166,1
2026-09-06T17:32:02.592130+00:00,slot0135,1
2026-09-06T17:32:05.725599+00:00,slot0167,1
2026-09-06T17:32:06.898021+00:00,slot0134,1
2026-09-06T17:32:18.046159+00:00,slot0176,1
2026-09-06T17:32:22.532630+00:00,slot0136,1
2026-09-06T17:32:29.290034+00:00,slot0177,1
2026-09-06T17:32:33.889694+00:00,slot0159,1
2026-09-06T17:32:40.147836+00:00,slot0178,1
2026-09-06T17:32:44.959014+00:00,slot0137,1
2026-09-06T17:32:51.525304+00:00,slot0179,1
2026-09-06T17:32:51.543276+00:00,slot0160,1
2026-09-06T17:33:02.981946+00:00,slot0186,1
2026-09-06T17:33:13.736066+00:00,slot0187,1
2026-09-06T17:33:16.388174+00:00,slot0174,1
2026-09-06T17:33:23.179123+00:00,slot0138,1
2026-09-06T17:33:24.980668+00:00,slot0206,1
2026-09-06T17:33:39.311681+00:00,slot0207,1
2026-09-06T17:33:41.499886+00:00,slot0175,1
2026-09-06T17:33:47.329078+00:00,slot0139,1
2026-09-06T17:33:49.949119+00:00,slot0208,1
2026-09-06T17:34:02.581643+00:00,slot0188,1
2026-09-06T17:34:05.765956+00:00,slot0209,1
2026-09-06T17:34:18.316709+00:00,slot0210,1
2026-09-06T17:34:20.897236+00:00,slot0140,1
2026-09-06T17:34:21.080648+00:00,slot0189,1
2026-09-06T17:34:28.957130+00:00,slot0211,1
2026-09-06T17:34:43.268687+00:00,slot0190,1
2026-09-06T17:34:45.487643+00:00,slot0219,1
2026-09-06T17:34:52.143805+00:00,slot0143,1
2026-09-06T17:34:59.203502+00:00,slot0220,1
2026-09-06T17:35:05.496804+00:00,slot0191,1
2026-09-06T17:35:09.748395+00:00,slot0223,1
2026-09-06T17:35:20.792011+00:00,slot0224,1
2026-09-06T17:35:23.257141+00:00,slot0144,1
2026-09-06T17:35:26.021144+00:00,slot0192,1
2026-09-06T17:35:30.962781+00:00,slot0225,1
2026-09-06T17:35:41.481363+00:00,slot0226,1
2026-09-06T17:35:50.252316+00:00,slot0145,1
2026-09-06T17:35:53.284551+00:00,slot0234,1
2026-09-06T17:36:02.008703+00:00,slot0193,1
2026-09-06T17:36:07.816452+00:00,slot0235,1
2026-09-06T17:36:16.743897+00:00,slot0148,1
2026-09-06T17:36:17.975453+00:00,slot0236,1
2026-09-06T17:36:21.850712+00:00,slot0194,1
2026-09-06T17:36:37.408400+00:00,slot0237,1
2026-09-06T17:36:42.644186+00:00,slot0195,1
2026-09-06T17:36:46.740909+00:00,slot0149,1
2026-09-06T17:36:48.574286+00:00,slot0238,1
2026-09-06T17:36:59.244131+00:00,slot0196,1
2026-09-06T17:37:03.576864+00:00,slot0239,1
2026-09-06T17:37:14.268610+00:00,slot0240,1
2026-09-06T17:37:20.521745+00:00,slot0197,1
2026-09-06T17:37:24.628580+00:00,slot0241,1
2026-09-06T17:37:25.469726+00:00,slot0150,1
2026-09-06T17:37:42.032787+00:00,slot0198,1
2026-09-06T17:37:50.973487+00:00,slot0151,1
2026-09-06T17:38:05.588530+00:00,slot0199,1
2026-09-06T17:38:17.634225+00:00,slot0152,1
2026-09-06T17:38:32.822351+00:00,slot0215,1
2026-09-06T17:38:40.211859+00:00,slot0153,1
2026-09-06T17:38:54.415158+00:00,slot0216,1
2026-09-06T17:39:06.058352+00:00,slot0156,1
2026-09-06T17:39:13.265844+00:00,slot0217,1
2026-09-06T17:39:30.740162+00:00,slot0157,1
2026-09-06T17:39:32.858836+00:00,slot0218,1
2026-09-06T17:39:52.482520+00:00,slot0158,1
2026-09-06T17:39:55.759928+00:00,slot0221,1
2026-09-06T17:40:14.961871+00:00,slot0222,1
2026-09-06T17:40:20.164217+00:00,slot0161,1
2026-09-06T17:40:34.384947+00:00,slot0227,1
2026-09-06T17:40:41.962176+00:00,slot0162,1
2026-09-06T17:40:54.044608+00:00,slot0228,1
2026-09-06T17:41:11.784782+00:00,slot0232,1
2026-09-06T17:41:11.895215+00:00,slot0163,1
2026-09-06T17:41:34.986452+00:00,slot0233,1
2026-09-06T17:41:44.935918+00:00,slot0168,1
2026-09-06T17:41:58.458647+00:00,slot0245,1
2026-09-06T17:42:14.026733+00:00,slot0169,1
2026-09-06T17:42:20.520680+00:00,slot0246,1
2026-09-06T17:42:36.036587+00:00,slot0170,1
2026-09-06T17:42:47.364781+00:00,slot0247,1
2026-09-06T17:43:02.217215+00:00,slot0171,1
2026-09-06T17:43:10.524353+00:00,slot0248,1
2026-09-06T17:43:31.594104+00:00,slot0172,1
2026-09-06T17:43:53.363953+00:00,slot0173,1
2026-09-06T17:44:15.371498+00:00,slot0180,1
2026-09-06T17:44:37.796388+00:00,slot0181,1
2026-09-06T17:45:02.036165+00:00,slot0182,1
2026-09-06T17:45:24.957956+00:00,slot0183,1
2026-09-06T17:45:54.857665+00:00,slot0184,1
2026-09-06T17:46:27.490335+00:00,slot0185,1
2026-09-06T17:46:50.589615+00:00,slot0200,1
2026-09-06T17:47:20.427352+00:00,slot0201,1
2026-09-06T17:47:50.594808+00:00,slot0202,1
2026-09-06T17:48:11.605092+00:00,slot0203,1
2026-09-06T17:48:35.855000+00:00,slot0204,1
2026-09-06T17:49:01.799359+00:00,slot0205,1
2026-09-06T17:49:26.845759+00:00,slot0212,1
2026-09-06T17:49:53.270870+00:00,slot0213,1
2026-09-06T17:50:16.946686+00:00,slot0214,1
2026-09-06T17:50:39.066343+00:00,slot0229,1
2026-09-06T17:51:05.147469+00:00,slot0230,1
2026-09-06T17:51:28.004624+00:00,slot0231,1
2026-09-06T17:51:50.623644+00:00,slot0242,1
2026-09-06T17:52:19.216042+00:00,slot0243,1
2026-09-06T17:52:49.956214+00:00,slot0244,1
2026-09-06T17:53:14.702748+00:00,slot0249,1
2026-09-06T17:53:40.688107+00:00,slot0250,1
2026-09-06T17:54:05.604477+00:00,slot0251,1
2026-09-06T20:30:09.958714+00:00,slot0252,2
2026-09-06T20:30:26.241812+00:00,slot0253,2
2026-09-06T20:30:30.003007+00:00,slot0268,2
2026-09-06T20:30:34.042232+00:00,slot0256,2
2026-09-06T20:30:35.680885+00:00,slot0254,2
2026-09-06T20:30:52.131875+00:00,slot0255,2
2026-09-06T20:30:55.852508+00:00,slot0269,2
2026-09-06T20:31:01.790805+00:00,slot0259,2
2026-09-06T20:31:04.177695+00:00,slot0257,2
2026-09-06T20:31:11.425026+00:00,slot0260,2
2026-09-06T20:31:22.160146+00:00,slot0264,2
2026-09-06T20:31:24.512811+00:00,slot0270,2
2026-09-06T20:31:33.501654+00:00,slot0265,2
2026-09-06T20:31:39.149890+00:00,slot0258,2
2026-09-06T20:31:43.151184+00:00,slot0266,2
2026-09-06T20:31:45.904956+00:00,slot0271,2
2026-09-06T20:31:54.155993+00:00,slot0267,2
2026-09-06T20:32:01.734757+00:00,slot0261,2
2026-09-06T20:32:03.536209+00:00,slot0284,2
2026-09-06T20:32:14.561784+00:00,slot0272,2
2026-09-06T20:32:16.734622+00:00,slot0285,2
2026-09-06T20:32:22.465259+00:00,slot0262,2
2026-09-06T20:32:29.945516+00:00,slot0286,2
2026-09-06T20:32:35.431939+00:00,slot0273,2
2026-09-06T20:32:39.864750+00:00,slot0287,2
2026-09-06T20:32:48.452500+00:00,slot0263,2
2026-09-06T20:32:50.409794+00:00,slot0290,2
2026-09-06T20:32:57.413659+00:00,slot0280,2
2026-09-06T20:33:02.257463+00:00,slot0291,2
2026-09-06T20:33:12.008051+00:00,slot0274,2
2026-09-06T20:33:13.653510+00:00,slot0292,2
2026-09-06T20:33:18.489747+00:00,slot0281,2
2026-09-06T20:33:26.484854+00:00,slot0293,2
2026-09-06T20:33:32.931527+00:00,slot0275,2
2026-09-06T20:33:36.657325+00:00,slot0297,2
2026-09-06T20:33:41.844621+00:00,slot0282,2
2026-09-06T20:33:48.267581+00:00,slot0298,2
2026-09-06T20:33:52.929257+00:00,slot0276,2
2026-09-06T20:33:58.426272+00:00,slot0313,2
2026-09-06T20:34:05.093100+00:00,slot0283,2
2026-09-06T20:34:08.691999+00:00,slot0314,2
2026-09-06T20:34:17.580698+00:00,slot0277,2
2026-09-06T20:34:20.121927+00:00,slot0320,2
2026-09-06T20:34:24.244534+00:00,slot0288,2
2026-09-06T20:34:32.269517+00:00,slot0321,2
2026-09-06T20:34:39.649301+00:00,slot0278,2
2026-09-06T20:34:42.407681+00:00,slot0289,2
2026-09-06T20:34:42.866081+00:00,slot0322,2
2026-09-06T20:34:58.836198+00:00,slot0323,2
2026-09-06T20:35:03.243313+00:00,slot0302,2
2026-09-06T20:35:09.044284+00:00,slot0331,2
2026-09-06T20:35:10.129896+00:00,slot0279,2
2026-09-06T20:35:21.656528+00:00,slot0332,2
2026-09-06T20:35:24.613884+00:00,slot0303,2
2026-09-06T20:35:31.728806+00:00,slot0365,2
2026-09-06T20:35:34.641847+00:00,slot0294,2
2026-09-06T20:35:41.822183+00:00,slot0366,2
2026-09-06T20:35:48.520635+00:00,slot0304,2
2026-09-06T20:35:51.121669+00:00,slot0367,2
2026-09-06T20:35:58.073703+00:00,slot0295,2
2026-09-06T20:36:03.841044+00:00,slot0368,2
2026-09-06T20:36:09.808457+00:00,slot0305,2
2026-09-06T20:36:13.066092+00:00,slot0369,2
2026-09-06T20:36:23.514702+00:00,slot0296,2
2026-09-06T20:36:24.840926+00:00,slot0370,2
2026-09-06T20:36:25.570165+00:00,slot0306,2
2026-09-06T20:36:43.810057+00:00,slot0299,2
2026-09-06T20:36:44.048470+00:00,slot0374,2
2026-09-06T20:36:49.858363+00:00,slot0307,2
2026-09-06T20:36:58.751462+00:00,slot0375,2
2026-09-06T20:37:03.980898+00:00,slot0300,2
2026-09-06T20:37:12.059243+00:00,slot0311,2
2026-09-06T20:37:31.225841+00:00,slot0301,2
2026-09-06T20:37:36.019951+00:00,slot0312,2
2026-09-06T20:37:54.561019+00:00,slot0308,2
2026-09-06T20:38:00.183136+00:00,slot0318,2
2026-09-06T20:38:15.302699+00:00,slot0319,2
2026-09-06T20:38:19.877520+00:00,slot0309,2
2026-09-06T20:38:39.023331+00:00,slot0324,2
2026-09-06T20:38:44.430319+00:00,slot0310,2
2026-09-06T20:38:59.992674+00:00,slot0325,2
2026-09-06T20:39:06.825865+00:00,slot0315,2
2026-09-06T20:39:23.010851+00:00,slot0326,2
2026-09-06T20:39:29.171435+00:00,slot0316,2
2026-09-06T20:39:40.210314+00:00,slot0327,2
2026-09-06T20:39:50.447766+00:00,slot0317,2
2026-09-06T20:39:58.032534+00:00,slot0345,2
2026-09-06T20:40:13.598610+00:00,slot0328,2
2026-09-06T20:40:18.660222+00:00,slot0346,2
2026-09-06T20:40:36.014158+00:00,slot0329,2
2026-09-06T20:40:39.219672+00:00,slot0347,2
2026-09-06T20:40:56.859528+00:00,slot0330,2
2026-09-06T20:41:00.830359+00:00,slot0348,2
2026-09-06T20:41:17.214024+00:00,slot0333,2
2026-09-06T20:41:18.735645+00:00,slot0349,2
2026-09-06T20:41:36.575404+00:00,slot0334,2
2026-09-06T20:41:45.401022+00:00,slot0350,2
2026-09-06T20:41:57.365319+00:00,slot0335,2
2026-09-06T20:42:07.734403+00:00,slot0357,2
2026-09-06T20:42:19.362846+00:00,slot0336,2
2026-09-06T20:42:26.060690+00:00,slot0358,2
2026-09-06T20:42:45.350335+00:00,slot0376,2
2026-09-06T20:42:45.703143+00:00,slot0337,2
2026-09-06T20:43:03.766874+00:00,slot0377,2
2026-09-06T20:43:10.474316+00:00,slot0338,2
2026-09-06T20:43:32.790861+00:00,slot0339,2
2026-09-06T20:43:52.033473+00:00,slot0340,2
2026-09-06T20:44:12.211135+00:00,slot0341,2
2026-09-06T20:44:31.394038+00:00,slot0342,2
2026-09-06T20:44:55.297649+00:00,slot0343,2
2026-09-06T20:45:20.533958+00:00,slot0344,2
2026-09-06T20:45:40.071933+00:00,slot0351,2
2026-09-06T20:46:07.102902+00:00,slot0352,2
2026-09-06T20:46:27.695893+00:00,slot0353,2
2026-09-06T20:46:48.385230+00:00,slot0354,2
2026-09-06T20:47:10.530694+00:00,slot0355,2
2026-09-06T20:47:34.775555+00:00,slot0356,2
2026-09-06T20:47:55.184085+00:00,slot0359,2
2026-09-06T20:48:16.411120+00:00,slot0360,2
2026-09-06T20:48:38.944612+00:00,slot0361,2
2026-09-06T20:49:04.772767+00:00,slot0362,2
2026-09-06T20:49:25.571824+00:00,slot0363,2
2026-09-06T20:49:49.505851+00:00,slot0364,2
2026-09-06T20:50:13.909576+00:00,slot0371,2
2026-09-06T20:50:36.630675+00:00,slot0372,2
2026-09-06T20:50:56.802615+00:00,slot0373,2
2026-09-06T23:30:10.825195+00:00,slot0378,3
2026-09-06T23:30:20.612975+00:00,slot0379,3
2026-09-06T23:30:28.256822+00:00,slot0385,3
2026-09-06T23:30:32.046941+00:00,slot0383,3
2026-09-06T23:30:37.177697+00:00,slot0380,3
2026-09-06T23:30:43.256375+00:00,slot0384,3
2026-09-06T23:30:54.147235+00:00,slot0387,3
2026-09-06T23:30:59.877909+00:00,slot0381,3
2026-09-06T23:31:00.113587+00:00,slot0386,3
2026-09-06T23:31:03.664432+00:00,slot0388,3
2026-09-06T23:31:20.405893+00:00,slot0382,3
2026-09-06T23:31:23.165399+00:00,slot0396,3
2026-09-06T23:31:23.837662+00:00,slot0389,3
2026-09-06T23:31:39.906523+00:00,slot0390,3
2026-09-06T23:31:43.821808+00:00,slot0391,3
2026-09-06T23:31:49.429333+00:00,slot0394,3
2026-09-06T23:31:51.702742+00:00,slot0397,3
2026-09-06T23:32:00.380619+00:00,slot0395,3
2026-09-06T23:32:04.210463+00:00,slot0392,3
2026-09-06T23:32:10.969137+00:00,slot0398,3
2026-09-06T23:32:17.299305+00:00,slot0405,3
2026-09-06T23:32:20.795226+00:00,slot0399,3
2026-09-06T23:32:28.137257+00:00,slot0393,3
2026-09-06T23:32:32.645306+00:00,slot0400,3
2026-09-06T23:32:40.543788+00:00,slot0406,3
2026-09-06T23:32:43.109006+00:00,slot0401,3
2026-09-06T23:32:48.427793+00:00,slot0402,3
2026-09-06T23:32:55.787055+00:00,slot0409,3
2026-09-06T23:33:02.921640+00:00,slot0407,3
2026-09-06T23:33:06.453879+00:00,slot0410,3
2026-09-06T23:33:11.060293+00:00,slot0403,3
2026-09-06T23:33:18.227484+00:00,slot0422,3
2026-09-06T23:33:19.105555+00:00,slot0408,3
2026-09-06T23:33:27.238653+00:00,slot0423,3
2026-09-06T23:33:35.022516+00:00,slot0404,3
2026-09-06T23:33:38.290887+00:00,slot0433,3
2026-09-06T23:33:41.481423+00:00,slot0411,3
2026-09-06T23:33:50.386281+00:00,slot0434,3
2026-09-06T23:33:55.689598+00:00,slot0413,3
2026-09-06T23:34:00.622347+00:00,slot0435,3
2026-09-06T23:34:11.125487+00:00,slot0412,3
2026-09-06T23:34:11.538773+00:00,slot0436,3
2026-09-06T23:34:17.735726+00:00,slot0414,3
2026-09-06T23:34:26.933968+00:00,slot0450,3
2026-09-06T23:34:34.448217+00:00,slot0416,3
2026-09-06T23:34:36.651239+00:00,slot0451,3
2026-09-06T23:34:41.307247+00:00,slot0415,3
2026-09-06T23:34:49.052536+00:00,slot0461,3
2026-09-06T23:34:55.215471+00:00,slot0417,3
2026-09-06T23:34:59.075822+00:00,slot0462,3
2026-09-06T23:35:05.243236+00:00,slot0430,3
2026-09-06T23:35:10.029430+00:00,slot0471,3
2026-09-06T23:35:15.094830+00:00,slot0418,3
2026-09-06T23:35:21.532395+00:00,slot0472,3
2026-09-06T23:35:28.897691+00:00,slot0431,3
2026-09-06T23:35:32.316157+00:00,slot0473,3
2026-09-06T23:35:43.845774+00:00,slot0474,3
2026-09-06T23:35:45.715111+00:00,slot0419,3
2026-09-06T23:35:54.081504+00:00,slot0481,3
2026-09-06T23:35:58.758201+00:00,slot0432,3
2026-09-06T23:36:04.536751+00:00,slot0482,3
2026-09-06T23:36:10.043306+00:00,slot0420,3
2026-09-06T23:36:13.542178+00:00,slot0493,3
2026-09-06T23:36:19.907764+00:00,slot0437,3
2026-09-06T23:36:26.130284+00:00,slot0494,3
2026-09-06T23:36:34.452486+00:00,slot0421,3
2026-09-06T23:36:35.238295+00:00,slot0498,3
2026-09-06T23:36:42.436903+00:00,slot0438,3
2026-09-06T23:36:49.480690+00:00,slot0499,3
2026-09-06T23:36:54.444421+00:00,slot0424,3
2026-09-06T23:37:06.054890+00:00,slot0439,3
2026-09-06T23:37:26.362350+00:00,slot0440,3
2026-09-06T23:37:32.883888+00:00,slot0425,3
2026-09-06T23:37:45.536205+00:00,slot0441,3
2026-09-06T23:38:00.634470+00:00,slot0426,3
2026-09-06T23:38:08.378266+00:00,slot0442,3
2026-09-06T23:38:27.186127+00:00,slot0427,3
2026-09-06T23:38:35.256157+00:00,slot0445,3
2026-09-06T23:38:49.718215+00:00,slot0428,3
2026-09-06T23:38:57.816543+00:00,slot0446,3
2026-09-06T23:39:06.841889+00:00,slot0429,3
2026-09-06T23:39:18.872735+00:00,slot0447,3
2026-09-06T23:39:41.565973+00:00,slot0443,3
2026-09-06T23:39:41.618397+00:00,slot0452,3
2026-09-06T23:39:59.967621+00:00,slot0444,3
2026-09-06T23:40:14.709425+00:00,slot0453,3
2026-09-06T23:40:28.918091+00:00,slot0448,3
2026-09-06T23:40:40.627991+00:00,slot0454,3
2026-09-06T23:40:53.932156+00:00,slot0449,3
2026-09-06T23:41:04.689480+00:00,slot0455,3
2026-09-06T23:41:20.318105+00:00,slot0469,3
2026-09-06T23:41:27.938121+00:00,slot0456,3
2026-09-06T23:41:43.078790+00:00,slot0470,3
2026-09-06T23:41:46.843056+00:00,slot0457,3
2026-09-06T23:42:09.902890+00:00,slot0486,3
2026-09-06T23:42:16.138692+00:00,slot0458,3
2026-09-06T23:42:37.946254+00:00,slot0487,3
2026-09-06T23:42:38.672981+00:00,slot0459,3
2026-09-06T23:43:02.373466+00:00,slot0488,3
2026-09-06T23:43:08.368832+00:00,slot0460,3
2026-09-06T23:43:20.833092+00:00,slot0489,3
2026-09-06T23:43:32.642346+00:00,slot0463,3
2026-09-06T23:43:39.899590+00:00,slot0500,3
2026-09-06T23:43:55.902962+00:00,slot0464,3
2026-09-06T23:44:09.299855+00:00,slot0501,3
2026-09-06T23:44:14.014829+00:00,slot0465,3
2026-09-06T23:44:29.800477+00:00,slot0502,3
2026-09-06T23:44:37.139750+00:00,slot0466,3
2026-09-06T23:44:59.052903+00:00,slot0503,3
2026-09-06T23:45:00.717342+00:00,slot0467,3
2026-09-06T23:45:22.037146+00:00,slot0468,3
2026-09-06T23:45:44.224401+00:00,slot0475,3
2026-09-06T23:46:06.254993+00:00,slot0476,3
2026-09-06T23:46:30.858291+00:00,slot0477,3
2026-09-06T23:47:04.099177+00:00,slot0478,3
2026-09-06T23:47:25.546253+00:00,slot0479,3
2026-09-06T23:47:53.521168+00:00,slot0480,3
2026-09-06T23:48:13.262542+00:00,slot0483,3
2026-09-06T23:48:33.792118+00:00,slot0484,3
2026-09-06T23:48:52.510982+00:00,slot0485,3
2026-09-06T23:49:19.499239+00:00,slot0490,3
2026-09-06T23:49:40.285325+00:00,slot0491,3
2026-09-06T23:50:15.397009+00:00,slot0492,3
2026-09-06T23:50:37.143243+00:00,slot0495,3
2026-09-06T23:50:57.629448+00:00,slot0496,3
2026-09-06T23:51:21.393088+00:00,slot0497,3
2026-09-07T00:29:30.968663+00:00,slot0504,4
2026-09-07T00:29:45.307775+00:00,slot0505,4
2026-09-07T00:29:48.621285+00:00,slot0506,4
2026-09-07T00:29:55.535532+00:00,slot0514,4
2026-09-07T00:29:55.648524+00:00,slot0508,4
2026-09-07T00:30:06.318247+00:00,slot0515,4
2026-09-07T00:30:13.160454+00:00,slot0507,4
2026-09-07T00:30:17.741874+00:00,slot0530,4
2026-09-07T00:30:24.428820+00:00,slot0509,4
2026-09-07T00:30:28.374604+00:00,slot0531,4
2026-09-07T00:30:28.902089+00:00,slot0516,4
2026-09-07T00:30:38.808656+00:00,slot0537,4
2026-09-07T00:30:44.362017+00:00,slot0510,4
2026-09-07T00:30:48.481292+00:00,slot0538,4
2026-09-07T00:30:52.803537+00:00,slot0517,4
2026-09-07T00:31:00.766105+00:00,slot0542,4
2026-09-07T00:31:07.953215+00:00,slot0511,4
2026-09-07T00:31:11.146938+00:00,slot0543,4
2026-09-07T00:31:22.672565+00:00,slot0551,4
2026-09-07T00:31:23.539238+00:00,slot0521,4
2026-09-07T00:31:33.233633+00:00,slot0552,4
2026-09-07T00:31:36.747186+00:00,slot0512,4
2026-09-07T00:31:43.806394+00:00,slot0555,4
2026-09-07T00:31:49.511836+00:00,slot0522,4
2026-09-07T00:31:53.724317+00:00,slot0556,4
2026-09-07T00:32:00.757594+00:00,slot0513,4
2026-09-07T00:32:05.120353+00:00,slot0562,4
2026-09-07T00:32:15.834930+00:00,slot0563,4
2026-09-07T00:32:22.450516+00:00,slot0518,4
2026-09-07T00:32:25.483793+00:00,slot0523,4
2026-09-07T00:32:27.267472+00:00,slot0564,4
2026-09-07T00:32:44.053468+00:00,slot0565,4
2026-09-07T00:32:45.574185+00:00,slot0524,4
2026-09-07T00:32:45.689600+00:00,slot0519,4
2026-09-07T00:32:55.290101+00:00,slot0577,4
2026-09-07T00:33:09.247670+00:00,slot0578,4
2026-09-07T00:33:17.853258+00:00,slot0520,4
2026-09-07T00:33:19.100777+00:00,slot0582,4
2026-09-07T00:33:21.061471+00:00,slot0528,4
2026-09-07T00:33:34.156496+00:00,slot0583,4
2026-09-07T00:33:44.450116+00:00,slot0525,4
2026-09-07T00:33:45.770829+00:00,slot0586,4
2026-09-07T00:33:49.383855+00:00,slot0529,4
2026-09-07T00:34:00.480808+00:00,slot0587,4
2026-09-07T00:34:04.486338+00:00,slot0526,4
2026-09-07T00:34:11.087856+00:00,slot0588,4
2026-09-07T00:34:19.561774+00:00,slot0532,4
2026-09-07T00:34:20.966523+00:00,slot0589,4
2026-09-07T00:34:32.147558+00:00,slot0527,4
2026-09-07T00:34:34.309796+00:00,slot0590,4
2026-09-07T00:34:49.300717+00:00,slot0591,4
2026-09-07T00:34:54.377011+00:00,slot0534,4
2026-09-07T00:34:55.391421+00:00,slot0533,4
2026-09-07T00:35:00.017389+00:00,slot0592,4
2026-09-07T00:35:15.856948+00:00,slot0593,4
2026-09-07T00:35:17.165734+00:00,slot0535,4
2026-09-07T00:35:26.821379+00:00,slot0597,4
2026-09-07T00:35:37.772966+00:00,slot0598,4
2026-09-07T00:35:39.840386+00:00,slot0544,4
2026-09-07T00:35:41.179693+00:00,slot0536,4
2026-09-07T00:35:48.564823+00:00,slot0604,4
2026-09-07T00:36:03.893250+00:00,slot0605,4
2026-09-07T00:36:05.669275+00:00,slot0545,4
2026-09-07T00:36:06.941636+00:00,slot0539,4
2026-09-07T00:36:14.928795+00:00,slot0625,4
2026-09-07T00:36:30.270656+00:00,slot0626,4
2026-09-07T00:36:36.690599+00:00,slot0549,4
2026-09-07T00:36:40.019298+00:00,slot0540,4
2026-09-07T00:36:59.032270+00:00,slot0550,4
2026-09-07T00:37:13.006901+00:00,slot0541,4
2026-09-07T00:37:25.318799+00:00,slot0553,4
2026-09-07T00:37:35.220008+00:00,slot0546,4
2026-09-07T00:37:47.977755+00:00,slot0554,4
2026-09-07T00:37:56.996452+00:00,slot0547,4
2026-09-07T00:38:14.538380+00:00,slot0560,4
2026-09-07T00:38:20.205192+00:00,slot0548,4
2026-09-07T00:38:43.137958+00:00,slot0557,4
2026-09-07T00:38:54.397218+00:00,slot0561,4
2026-09-07T00:39:02.744472+00:00,slot0558,4
2026-09-07T00:39:19.011564+00:00,slot0572,4
2026-09-07T00:39:21.524893+00:00,slot0559,4
2026-09-07T00:39:41.828004+00:00,slot0573,4
2026-09-07T00:39:46.675607+00:00,slot0566,4
2026-09-07T00:40:00.112373+00:00,slot0584,4
2026-09-07T00:40:08.038993+00:00,slot0567,4
2026-09-07T00:40:28.437238+00:00,slot0568,4
2026-09-07T00:40:33.947629+00:00,slot0585,4
2026-09-07T00:40:51.544194+00:00,slot0569,4
2026-09-07T00:41:02.379077+00:00,slot0602,4
2026-09-07T00:41:15.404826+00:00,slot0570,4
2026-09-07T00:41:25.078487+00:00,slot0603,4
2026-09-07T00:41:37.444664+00:00,slot0571,4
2026-09-07T00:41:47.014023+00:00,slot0606,4
2026-09-07T00:42:04.527885+00:00,slot0574,4
2026-09-07T00:42:18.294594+00:00,slot0607,4
2026-09-07T00:42:26.321576+00:00,slot0575,4
2026-09-07T00:42:38.572559+00:00,slot0608,4
2026-09-07T00:42:47.473571+00:00,slot0576,4
2026-09-07T00:42:58.761927+00:00,slot0609,4
2026-09-07T00:43:09.207394+00:00,slot0579,4
2026-09-07T00:43:25.796722+00:00,slot0610,4
2026-09-07T00:43:36.354998+00:00,slot0580,4
2026-09-07T00:43:45.637736+00:00,slot0611,4
2026-09-07T00:44:03.354240+00:00,slot0581,4
2026-09-07T00:44:12.175165+00:00,slot0612,4
2026-09-07T00:44:24.993381+00:00,slot0594,4
2026-09-07T00:44:43.896632+00:00,slot0613,4
2026-09-07T00:44:45.842190+00:00,slot0595,4
2026-09-07T00:45:10.542912+00:00,slot0596,4
2026-09-07T00:45:21.309281+00:00,slot0617,4
2026-09-07T00:45:32.884438+00:00,slot0599,4
2026-09-07T00:45:45.868973+00:00,slot0618,4
2026-09-07T00:45:54.429214+00:00,slot0600,4
2026-09-07T00:46:16.631444+00:00,slot0601,4
2026-09-07T00:46:45.891646+00:00,slot0614,4
2026-09-07T00:46:49.317200+00:00,slot0615,4
2026-09-07T00:47:13.618911+00:00,slot0616,4
2026-09-07T00:47:38.158801+00:00,slot0619,4
2026-09-07T00:47:57.956150+00:00,slot0620,4
2026-09-07T00:48:21.967205+00:00,slot0621,4
2026-09-07T00:48:51.293598+00:00,slot0622,4
2026-09-07T00:49:14.113030+00:00,slot0623,4
2026-09-07T00:49:44.028954+00:00,slot0624,4
2026-09-07T00:50:07.004354+00:00,slot0627,4
2026-09-07T00:50:27.671074+00:00,slot0628,4
2026-09-07T00:50:48.684824+00:00,slot0629,4
2026-09-07T00:51:04.919362+00:00,slot0641,5
2026-09-07T00:51:19.405229+00:00,slot0642,5
2026-09-07T00:51:24.711250+00:00,slot0630,5
2026-09-07T00:51:29.044684+00:00,slot0639,5
2026-09-07T00:51:29.445433+00:00,slot0649,5
2026-09-07T00:51:45.391057+00:00,slot0650,5
2026-09-07T00:51:50.161191+00:00,slot0640,5
2026-09-07T00:51:53.242869+00:00,slot0631,5
2026-09-07T00:51:55.791546+00:00,slot0651,5
2026-09-07T00:52:12.075292+00:00,slot0652,5
2026-09-07T00:52:18.960993+00:00,slot0632,5
2026-09-07T00:52:21.001155+00:00,slot0653,5
2026-09-07T00:52:33.360745+00:00,slot0654,5
2026-09-07T00:52:35.054884+00:00,slot0643,5
2026-09-07T00:52:41.584800+00:00,slot0633,5
2026-09-07T00:52:43.752695+00:00,slot0660,5
2026-09-07T00:53:00.624051+00:00,slot0661,5
2026-09-07T00:53:03.403436+00:00,slot0644,5
2026-09-07T00:53:06.435841+00:00,slot0634,5
2026-09-07T00:53:11.821605+00:00,slot0662,5
2026-09-07T00:53:26.029288+00:00,slot0663,5
2026-09-07T00:53:35.697122+00:00,slot0635,5
2026-09-07T00:53:37.090999+00:00,slot0667,5
2026-09-07T00:53:43.253289+00:00,slot0645,5
2026-09-07T00:53:52.029032+00:00,slot0668,5
2026-09-07T00:53:58.484131+00:00,slot0636,5
2026-09-07T00:54:04.406659+00:00,slot0672,5
2026-09-07T00:54:14.455253+00:00,slot0673,5
2026-09-07T00:54:14.664659+00:00,slot0646,5
2026-09-07T00:54:20.610833+00:00,slot0637,5
2026-09-07T00:54:26.368331+00:00,slot0677,5
2026-09-07T00:54:37.977441+00:00,slot0647,5
2026-09-07T00:54:40.999133+00:00,slot0678,5
2026-09-07T00:54:46.947617+00:00,slot0638,5
2026-09-07T00:54:54.932172+00:00,slot0695,5
2026-09-07T00:54:57.473672+00:00,slot0648,5
2026-09-07T00:55:05.779220+00:00,slot0696,5
2026-09-07T00:55:10.143752+00:00,slot0657,5
2026-09-07T00:55:16.102645+00:00,slot0702,5
2026-09-07T00:55:28.230527+00:00,slot0703,5
2026-09-07T00:55:29.654405+00:00,slot0655,5
2026-09-07T00:55:31.643240+00:00,slot0658,5
2026-09-07T00:55:46.237681+00:00,slot0716,5
2026-09-07T00:55:55.373791+00:00,slot0656,5
2026-09-07T00:55:57.599679+00:00,slot0717,5
2026-09-07T00:56:01.782087+00:00,slot0659,5
2026-09-07T00:56:13.210903+00:00,slot0720,5
2026-09-07T00:56:19.115111+00:00,slot0691,5
2026-09-07T00:56:23.834266+00:00,slot0721,5
2026-09-07T00:56:27.903467+00:00,slot0664,5
2026-09-07T00:56:34.801686+00:00,slot0722,5
2026-09-07T00:56:45.834086+00:00,slot0723,5
2026-09-07T00:56:48.285240+00:00,slot0692,5
2026-09-07T00:56:53.557309+00:00,slot0665,5
2026-09-07T00:56:56.440532+00:00,slot0726,5
2026-09-07T00:57:10.989954+00:00,slot0727,5
2026-09-07T00:57:11.127534+00:00,slot0693,5
2026-09-07T00:57:17.373101+00:00,slot0666,5
2026-09-07T00:57:21.393874+00:00,slot0740,5
2026-09-07T00:57:37.170064+00:00,slot0741,5
2026-09-07T00:57:39.346816+00:00,slot0694,5
2026-09-07T00:57:44.319642+00:00,slot0669,5
2026-09-07T00:57:46.872548+00:00,slot0747,5
2026-09-07T00:57:57.644700+00:00,slot0748,5
2026-09-07T00:58:07.231940+00:00,slot0749,5
2026-09-07T00:58:13.659231+00:00,slot0697,5
2026-09-07T00:58:16.783640+00:00,slot0670,5
2026-09-07T00:58:17.280545+00:00,slot0750,5
2026-09-07T00:58:34.049793+00:00,slot0698,5
2026-09-07T00:58:42.514693+00:00,slot0671,5
2026-09-07T00:58:59.457393+00:00,slot0704,5
2026-09-07T00:59:10.850089+00:00,slot0674,5
2026-09-07T00:59:28.667750+00:00,slot0705,5
2026-09-07T00:59:30.734553+00:00,slot0675,5
2026-09-07T00:59:55.414860+00:00,slot0709,5
2026-09-07T00:59:58.882761+00:00,slot0676,5
2026-09-07T01:00:22.270715+00:00,slot0710,5
2026-09-07T01:00:27.960681+00:00,slot0679,5
2026-09-07T01:00:51.479824+00:00,slot0680,5
2026-09-07T01:00:52.365077+00:00,slot0711,5
2026-09-07T01:01:16.916411+00:00,slot0712,5
2026-09-07T01:01:20.273143+00:00,slot0681,5
2026-09-07T01:01:46.385861+00:00,slot0682,5
2026-09-07T01:01:46.992069+00:00,slot0718,5
2026-09-07T01:02:05.635484+00:00,slot0683,5
2026-09-07T01:02:27.584067+00:00,slot0719,5
2026-09-07T01:02:28.868367+00:00,slot0684,5
2026-09-07T01:02:51.043553+00:00,slot0685,5
2026-09-07T01:03:13.107362+00:00,slot0686,5
2026-09-07T01:03:14.554197+00:00,slot0724,5
2026-09-07T01:03:37.634608+00:00,slot0687,5
2026-09-07T01:03:52.033894+00:00,slot0725,5
2026-09-07T01:04:00.653510+00:00,slot0688,5
2026-09-07T01:04:18.100145+00:00,slot0728,5
2026-09-07T01:04:23.064026+00:00,slot0689,5
2026-09-07T01:04:40.569300+00:00,slot0729,5
2026-09-07T01:04:43.628701+00:00,slot0690,5
2026-09-07T01:05:08.390502+00:00,slot0699,5
2026-09-07T01:05:12.121794+00:00,slot0733,5
2026-09-07T01:05:30.713211+00:00,slot0700,5
2026-09-07T01:05:42.594068+00:00,slot0734,5
2026-09-07T01:05:54.931839+00:00,slot0701,5
2026-09-07T01:06:16.162152+00:00,slot0706,5
2026-09-07T01:06:21.099010+00:00,slot0735,5
2026-09-07T01:06:36.738212+00:00,slot0707,5
2026-09-07T01:07:01.976824+00:00,slot0736,5
2026-09-07T01:07:02.843140+00:00,slot0708,5
2026-09-07T01:07:25.837424+00:00,slot0745,5
2026-09-07T01:07:28.820295+00:00,slot0713,5
2026-09-07T01:07:57.317228+00:00,slot0714,5
2026-09-07T01:07:57.971022+00:00,slot0746,5
2026-09-07T01:08:23.136216+00:00,slot0715,5
2026-09-07T01:08:25.410433+00:00,slot0751,5
2026-09-07T01:08:47.226400+00:00,slot0730,5
2026-09-07T01:08:51.992585+00:00,slot0752,5
2026-09-07T01:09:13.169380+00:00,slot0731,5
2026-09-07T01:09:37.918213+00:00,slot0732,5
2026-09-07T01:10:04.555739+00:00,slot0737,5
2026-09-07T01:10:29.425654+00:00,slot0738,5
2026-09-07T01:10:51.817633+00:00,slot0739,5
2026-09-07T01:11:16.452732+00:00,slot0742,5
2026-09-07T01:11:41.656030+00:00,slot0743,5
2026-09-07T01:12:04.493295+00:00,slot0744,5
2026-09-07T01:12:27.032841+00:00,slot0753,5
2026-09-07T01:12:50.177374+00:00,slot0754,5
2026-09-07T01:13:12.971978+00:00,slot0755,5
2026-09-07T01:13:27.840682+00:00,slot0758,6
2026-09-07T01:13:43.388219+00:00,slot0759,6
2026-09-07T01:13:49.528287+00:00,slot0762,6
2026-09-07T01:13:51.492780+00:00,slot0756,6
2026-09-07T01:13:53.451506+00:00,slot0772,6
2026-09-07T01:14:10.029903+00:00,slot0763,6
2026-09-07T01:14:11.391007+00:00,slot0773,6
2026-09-07T01:14:23.780482+00:00,slot0757,6
2026-09-07T01:14:25.409193+00:00,slot0774,6
2026-09-07T01:14:33.788770+00:00,slot0764,6
2026-09-07T01:14:39.786595+00:00,slot0775,6
2026-09-07T01:14:49.751944+00:00,slot0782,6
2026-09-07T01:14:49.848972+00:00,slot0760,6
2026-09-07T01:15:00.662004+00:00,slot0769,6
2026-09-07T01:15:01.111104+00:00,slot0783,6
2026-09-07T01:15:16.063904+00:00,slot0786,6
2026-09-07T01:15:20.278861+00:00,slot0761,6
2026-09-07T01:15:23.351112+00:00,slot0770,6
2026-09-07T01:15:27.031376+00:00,slot0787,6
2026-09-07T01:15:42.907100+00:00,slot0796,6
2026-09-07T01:15:45.445864+00:00,slot0765,6
2026-09-07T01:15:51.209141+00:00,slot0771,6
2026-09-07T01:15:53.383664+00:00,slot0797,6
2026-09-07T01:16:08.811901+00:00,slot0798,6
2026-09-07T01:16:16.071862+00:00,slot0766,6
2026-09-07T01:16:17.715087+00:00,slot0776,6
2026-09-07T01:16:19.622738+00:00,slot0799,6
2026-09-07T01:16:36.878449+00:00,slot0804,6
2026-09-07T01:16:39.802909+00:00,slot0767,6
2026-09-07T01:16:45.751618+00:00,slot0777,6
2026-09-07T01:16:46.766440+00:00,slot0805,6
2026-09-07T01:17:01.867733+00:00,slot0768,6
2026-09-07T01:17:04.092295+00:00,slot0806,6
2026-09-07T01:17:09.688257+00:00,slot0778,6
2026-09-07T01:17:17.227529+00:00,slot0807,6
2026-09-07T01:17:28.040415+00:00,slot0808,6
2026-09-07T01:17:31.093627+00:00,slot0784,6
2026-09-07T01:17:38.494848+00:00,slot0779,6
2026-09-07T01:17:38.753686+00:00,slot0809,6
2026-09-07T01:17:55.027258+00:00,slot0817,6
2026-09-07T01:17:55.091979+00:00,slot0785,6
2026-09-07T01:18:02.382138+00:00,slot0780,6
2026-09-07T01:18:05.664072+00:00,slot0818,6
2026-09-07T01:18:20.278819+00:00,slot0828,6
2026-09-07T01:18:21.977480+00:00,slot0794,6
2026-09-07T01:18:31.045945+00:00,slot0829,6
2026-09-07T01:18:31.761711+00:00,slot0781,6
2026-09-07T01:18:41.499952+00:00,slot0832,6
2026-09-07T01:18:46.454659+00:00,slot0795,6
2026-09-07T01:18:50.190642+00:00,slot0833,6
2026-09-07T01:19:01.965949+00:00,slot0841,6
2026-09-07T01:19:08.041580+00:00,slot0788,6
2026-09-07T01:19:12.205104+00:00,slot0842,6
2026-09-07T01:19:15.688243+00:00,slot0800,6
2026-09-07T01:19:23.784127+00:00,slot0849,6
2026-09-07T01:19:30.095964+00:00,slot0789,6
2026-09-07T01:19:35.469756+00:00,slot0850,6
2026-09-07T01:19:46.203044+00:00,slot0854,6
2026-09-07T01:19:50.840735+00:00,slot0801,6
2026-09-07T01:19:56.544234+00:00,slot0855,6
2026-09-07T01:20:00.297233+00:00,slot0790,6
2026-09-07T01:20:07.397465+00:00,slot0858,6
2026-09-07T01:20:17.841657+00:00,slot0859,6
2026-09-07T01:20:20.539172+00:00,slot0802,6
2026-09-07T01:20:26.342795+00:00,slot0791,6
2026-09-07T01:20:28.276431+00:00,slot0875,6
2026-09-07T01:20:43.564302+00:00,slot0876,6
2026-09-07T01:20:51.998653+00:00,slot0803,6
2026-09-07T01:20:58.668226+00:00,slot0792,6
2026-09-07T01:21:17.069430+00:00,slot0810,6
2026-09-07T01:21:27.837458+00:00,slot0793,6
2026-09-07T01:21:38.420160+00:00,slot0811,6
2026-09-07T01:21:50.373128+00:00,slot0814,6
2026-09-07T01:22:10.594004+00:00,slot0812,6
2026-09-07T01:22:14.967610+00:00,slot0815,6
2026-09-07T01:22:37.541782+00:00,slot0813,6
2026-09-07T01:22:39.885894+00:00,slot0816,6
2026-09-07T01:23:03.412672+00:00,slot0830,6
2026-09-07T01:23:05.714891+00:00,slot0819,6
2026-09-07T01:23:30.256280+00:00,slot0831,6
2026-09-07T01:23:43.779436+00:00,slot0820,6
2026-09-07T01:24:01.161746+00:00,slot0834,6
2026-09-07T01:24:08.144463+00:00,slot0821,6
2026-09-07T01:24:29.861583+00:00,slot0822,6
2026-09-07T01:24:32.610178+00:00,slot0835,6
2026-09-07T01:24:54.297515+00:00,slot0823,6
2026-09-07T01:25:01.832590+00:00,slot0836,6
2026-09-07T01:25:23.321972+00:00,slot0837,6
2026-09-07T01:25:26.536505+00:00,slot0824,6
2026-09-07T01:25:48.714001+00:00,slot0856,6
2026-09-07T01:26:06.505671+00:00,slot0825,6
2026-09-07T01:26:14.712451+00:00,slot0857,6
2026-09-07T01:26:37.248116+00:00,slot0863,6
2026-09-07T01:26:40.964040+00:00,slot0826,6
2026-09-07T01:27:07.628438+00:00,slot0827,6
2026-09-07T01:27:10.120540+00:00,slot0864,6
2026-09-07T01:27:32.536351+00:00,slot0865,6
2026-09-07T01:27:33.241550+00:00,slot0838,6
2026-09-07T01:27:59.369892+00:00,slot0866,6
2026-09-07T01:28:00.945530+00:00,slot0839,6
2026-09-07T01:28:26.933415+00:00,slot0870,6
2026-09-07T01:28:29.981844+00:00,slot0840,6
2026-09-07T01:28:57.855080+00:00,slot0871,6
2026-09-07T01:29:02.162249+00:00,slot0843,6
2026-09-07T01:29:22.392626+00:00,slot0877,6
2026-09-07T01:29:27.112507+00:00,slot0844,6
2026-09-07T01:29:56.871653+00:00,slot0845,6
2026-09-07T01:29:57.188225+00:00,slot0878,6
2026-09-07T01:30:28.404546+00:00,slot0846,6
2026-09-07T01:30:53.265301+00:00,slot0847,6
2026-09-07T01:31:34.246881+00:00,slot0848,6
2026-09-07T01:31:59.109262+00:00,slot0851,6
2026-09-07T01:32:29.209272+00:00,slot0852,6
2026-09-07T01:32:52.867306+00:00,slot0853,6
2026-09-07T01:33:17.504214+00:00,slot0860,6
2026-09-07T01:33:43.543216+00:00,slot0861,6
2026-09-07T01:34:07.859989+00:00,slot0862,6
2026-09-07T01:34:30.543662+00:00,slot0867,6
2026-09-07T01:34:54.414132+00:00,slot0868,6
2026-09-07T01:35:18.076231+00:00,slot0869,6
2026-09-07T01:35:48.327687+00:00,slot0872,6
2026-09-07T01:36:22.468383+00:00,slot0873,6
2026-09-07T01:36:48.523913+00:00,slot0874,6
2026-09-07T01:37:11.945907+00:00,slot0879,6
2026-09-07T01:37:35.489213+00:00,slot0880,6
2026-09-07T01:38:00.661009+00:00,slot0881,6
2026-09-07T01:38:16.395655+00:00,slot0884,7
2026-09-07T01:38:32.219887+00:00,slot0885,7
2026-09-07T01:38:35.491084+00:00,slot0882,7
2026-09-07T01:38:39.713036+00:00,slot0888,7
2026-09-07T01:38:42.912766+00:00,slot0903,7
2026-09-07T01:38:58.098720+00:00,slot0904,7
2026-09-07T01:39:03.958138+00:00,slot0883,7
2026-09-07T01:39:05.125356+00:00,slot0889,7
2026-09-07T01:39:08.638368+00:00,slot0910,7
2026-09-07T01:39:19.472654+00:00,slot0911,7
2026-09-07T01:39:28.295338+00:00,slot0886,7
2026-09-07T01:39:28.807266+00:00,slot0922,7
2026-09-07T01:39:40.911605+00:00,slot0890,7
2026-09-07T01:39:43.471153+00:00,slot0923,7
2026-09-07T01:39:55.447214+00:00,slot0887,7
2026-09-07T01:39:56.433094+00:00,slot0927,7
2026-09-07T01:40:04.208391+00:00,slot0891,7
2026-09-07T01:40:11.303235+00:00,slot0928,7
2026-09-07T01:40:17.995855+00:00,slot0897,7
2026-09-07T01:40:21.748369+00:00,slot0931,7
2026-09-07T01:40:30.391113+00:00,slot0892,7
2026-09-07T01:40:33.330278+00:00,slot0932,7
2026-09-07T01:40:39.108020+00:00,slot0898,7
2026-09-07T01:40:47.605435+00:00,slot0933,7
2026-09-07T01:40:54.683065+00:00,slot0893,7
2026-09-07T01:40:58.278717+00:00,slot0934,7
2026-09-07T01:41:02.210311+00:00,slot0899,7
2026-09-07T01:41:11.488163+00:00,slot0939,7
2026-09-07T01:41:18.915168+00:00,slot0894,7
2026-09-07T01:41:21.146833+00:00,slot0940,7
2026-09-07T01:41:26.597952+00:00,slot0900,7
2026-09-07T01:41:34.972403+00:00,slot0955,7
2026-09-07T01:41:41.586239+00:00,slot0895,7
2026-09-07T01:41:44.914036+00:00,slot0956,7
2026-09-07T01:41:52.895184+00:00,slot0901,7
2026-09-07T01:41:56.980653+00:00,slot0957,7
2026-09-07T01:42:07.695094+00:00,slot0958,7
2026-09-07T01:42:11.666429+00:00,slot0896,7
2026-09-07T01:42:17.952268+00:00,slot0969,7
2026-09-07T01:42:27.505130+00:00,slot0970,7
2026-09-07T01:42:28.337706+00:00,slot0902,7
2026-09-07T01:42:36.713683+00:00,slot0905,7
2026-09-07T01:42:37.981452+00:00,slot0971,7
2026-09-07T01:42:54.071333+00:00,slot0972,7
2026-09-07T01:42:57.947789+00:00,slot0908,7
2026-09-07T01:43:01.762780+00:00,slot0906,7
2026-09-07T01:43:05.408578+00:00,slot0973,7
2026-09-07T01:43:20.453380+00:00,slot0974,7
2026-09-07T01:43:21.418071+00:00,slot0909,7
2026-09-07T01:43:29.840155+00:00,slot0907,7
2026-09-07T01:43:30.953584+00:00,slot0978,7
2026-09-07T01:43:46.498552+00:00,slot0979,7
2026-09-07T01:43:49.106649+00:00,slot0915,7
2026-09-07T01:43:52.638713+00:00,slot0912,7
2026-09-07T01:43:56.606627+00:00,slot0985,7
2026-09-07T01:44:12.682694+00:00,slot0986,7
2026-09-07T01:44:12.781515+00:00,slot0916,7
2026-09-07T01:44:19.346031+00:00,slot0913,7
2026-09-07T01:44:24.024705+00:00,slot0991,7
2026-09-07T01:44:39.723024+00:00,slot0992,7
2026-09-07T01:44:39.826011+00:00,slot0920,7
2026-09-07T01:44:47.196285+00:00,slot0914,7
2026-09-07T01:44:50.167569+00:00,slot0993,7
2026-09-07T01:45:07.331858+00:00,slot0994,7
2026-09-07T01:45:12.134242+00:00,slot0921,7
2026-09-07T01:45:15.061347+00:00,slot0917,7
2026-09-07T01:45:18.237009+00:00,slot1006,7
2026-09-07T01:45:32.934024+00:00,slot1007,7
2026-09-07T01:45:33.022424+00:00,slot0929,7
2026-09-07T01:45:46.809159+00:00,slot0918,7
2026-09-07T01:46:12.797432+00:00,slot0930,7
2026-09-07T01:46:15.891811+00:00,slot0919,7
2026-09-07T01:46:34.325055+00:00,slot0935,7
2026-09-07T01:46:42.579695+00:00,slot0924,7
2026-09-07T01:47:02.473955+00:00,slot0936,7
2026-09-07T01:47:09.997401+00:00,slot0925,7
2026-09-07T01:47:29.260195+00:00,slot0937,7
2026-09-07T01:47:35.314349+00:00,slot0926,7
2026-09-07T01:47:54.074827+00:00,slot0938,7
2026-09-07T01:48:00.907885+00:00,slot0943,7
2026-09-07T01:48:13.521100+00:00,slot0941,7
2026-09-07T01:48:26.965386+00:00,slot0944,7
2026-09-07T01:48:36.680051+00:00,slot0942,7
2026-09-07T01:48:50.936729+00:00,slot0945,7
2026-09-07T01:49:02.243002+00:00,slot0965,7
2026-09-07T01:49:13.287643+00:00,slot0946,7
2026-09-07T01:49:30.768962+00:00,slot0966,7
2026-09-07T01:49:39.200638+00:00,slot0947,7
2026-09-07T01:49:57.366999+00:00,slot0967,7
2026-09-07T01:50:06.043011+00:00,slot0948,7
2026-09-07T01:50:23.503789+00:00,slot0968,7
2026-09-07T01:50:30.316366+00:00,slot0949,7
2026-09-07T01:50:55.846813+00:00,slot0950,7
2026-09-07T01:50:57.171344+00:00,slot0980,7
2026-09-07T01:51:21.353887+00:00,slot0951,7
2026-09-07T01:51:30.242897+00:00,slot0981,7
2026-09-07T01:51:48.052721+00:00,slot0952,7
2026-09-07T01:51:58.527692+00:00,slot0987,7
2026-09-07T01:52:11.822931+00:00,slot0953,7
2026-09-07T01:52:21.362512+00:00,slot0988,7
2026-09-07T01:52:44.438947+00:00,slot0954,7
2026-09-07T01:52:44.991959+00:00,slot0989,7
2026-09-07T01:53:10.367379+00:00,slot0990,7
2026-09-07T01:53:11.530619+00:00,slot0959,7
2026-09-07T01:53:38.068031+00:00,slot0960,7
2026-09-07T01:53:48.299110+00:00,slot0998,7
2026-09-07T01:54:01.157077+00:00,slot0961,7
2026-09-07T01:54:12.252973+00:00,slot0999,7
2026-09-07T01:54:29.946813+00:00,slot0962,7
2026-09-07T01:54:52.505313+00:00,slot0963,7
2026-09-07T01:55:17.728904+00:00,slot0964,7
2026-09-07T01:55:42.850205+00:00,slot0975,7
2026-09-07T01:56:07.587071+00:00,slot0976,7
2026-09-07T01:56:32.293591+00:00,slot0977,7
2026-09-07T01:56:57.489547+00:00,slot0982,7
2026-09-07T01:57:23.177614+00:00,slot0983,7
2026-09-07T01:57:45.494752+00:00,slot0984,7
2026-09-07T01:58:10.124668+00:00,slot0995,7
2026-09-07T01:58:35.929158+00:00,slot0996,7
2026-09-07T01:59:01.651450+00:00,slot0997,7
2026-09-07T01:59:24.978364+00:00,slot1000,7
2026-09-07T01:59:49.886885+00:00,slot1001,7
2026-09-07T02:00:23.646061+00:00,slot1002,7
2026-09-07T02:00:50.639459+00:00,slot1003,7
2026-09-07T02:01:13.759780+00:00,slot1004,7
2026-09-07T02:01:37.482437+00:00,slot1005,7
