brief_counts.built01,brief_counts.built02,brief_counts.built03,brief_counts.built04,brief_counts.built05,brief_counts.built06,brief_counts.built07,brief_counts.built08,brief_counts.land01,brief_counts.land02,brief_counts.land03,brief_counts.land04,brief_counts.land05,brief_counts.land06,brief_counts.land07,brief_counts.land08,brief_counts.water01,brief_counts.water02,brief_counts.water03,brief_counts.water04,brief_counts.water05,brief_counts.water06,brief_counts.water07,brief_counts.water08,condition,n,painter_id,reported_quality,request_ids,requested_quality,route
3,3,3,3,3,3,3,3,3,3,3,3,3,3,3,3,3,3,3,3,3,3,3,3,artist_free,72,claude_monet,,"[""slot0009"",""slot0020"",""slot0023"",""slot0028"",""slot0085"",""slot0087"",""slot0093"",""slot0101"",""slot0116"",""slot0127"",""slot0128"",""slot0174"",""slot0188"",""slot0194"",""slot0197"",""slot0218"",""slot0246"",""slot0248"",""slot0268"",""slot0272"",""slot0282"",""slot0289"",""slot0307"",""slot0311"",""slot0327"",""slot0346"",""slot0349"",""slot0397"",""slot0408"",""slot0411"",""slot0419"",""slot0420"",""slot0425"",""slot0426"",""slot0443"",""slot0502"",""slot0516"",""slot0524"",""slot0545"",""slot0550"",""slot0585"",""slot0603"",""slot0606"",""slot0611"",""slot0617"",""slot0639"",""slot0645"",""slot0647"",""slot0691"",""slot0705"",""slot0711"",""slot0718"",""slot0734"",""slot0735"",""slot0761"",""slot0794"",""slot0800"",""slot0803"",""slot0810"",""slot0812"",""slot0831"",""slot0835"",""slot0857"",""slot0882"",""slot0897"",""slot0899"",""slot0916"",""slot0937"",""slot0967"",""slot0981"",""slot0987"",""slot0999""]",,flux_2_max
3,3,3,3,3,3,3,3,3,3,3,3,3,3,3,3,3,3,3,3,3,3,3,3,named,72,claude_monet,,"[""slot0008"",""slot0019"",""slot0024"",""slot0029"",""slot0084"",""slot0086"",""slot0094"",""slot0100"",""slot0115"",""slot0126"",""slot0129"",""slot0175"",""slot0189"",""slot0195"",""slot0196"",""slot0217"",""slot0245"",""slot0247"",""slot0269"",""slot0273"",""slot0283"",""slot0288"",""slot0306"",""slot0312"",""slot0326"",""slot0345"",""slot0350"",""slot0396"",""slot0407"",""slot0412"",""slot0418"",""slot0421"",""slot0424"",""slot0427"",""slot0444"",""slot0503"",""slot0517"",""slot0523"",""slot0544"",""slot0549"",""slot0584"",""slot0602"",""slot0607"",""slot0610"",""slot0618"",""slot0640"",""slot0646"",""slot0648"",""slot0692"",""slot0704"",""slot0712"",""slot0719"",""slot0733"",""slot0736"",""slot0760"",""slot0795"",""slot0801"",""slot0802"",""slot0811"",""slot0813"",""slot0830"",""slot0834"",""slot0856"",""slot0883"",""slot0898"",""slot0900"",""slot0915"",""slot0938"",""slot0968"",""slot0980"",""slot0988"",""slot0998""]",,flux_2_max
3,3,3,3,3,3,3,3,3,3,3,3,3,3,3,3,3,3,3,3,3,3,3,3,artist_free,72,paul_cezanne,,"[""slot0004"",""slot0022"",""slot0039"",""slot0043"",""slot0045"",""slot0069"",""slot0080"",""slot0103"",""slot0108"",""slot0134"",""slot0159"",""slot0190"",""slot0193"",""slot0198"",""slot0216"",""slot0221"",""slot0228"",""slot0233"",""slot0271"",""slot0281"",""slot0302"",""slot0305"",""slot0319"",""slot0324"",""slot0347"",""slot0357"",""slot0377"",""slot0386"",""slot0406"",""slot0417"",""slot0429"",""slot0449"",""slot0470"",""slot0486"",""slot0489"",""slot0500"",""slot0506"",""slot0522"",""slot0528"",""slot0533"",""slot0553"",""slot0560"",""slot0573"",""slot0608"",""slot0613"",""slot0644"",""slot0656"",""slot0694"",""slot0698"",""slot0709"",""slot0725"",""slot0729"",""slot0746"",""slot0751"",""slot0757"",""slot0766"",""slot0768"",""slot0784"",""slot0837"",""slot0864"",""slot0866"",""slot0871"",""slot0877"",""slot0886"",""slot0901"",""slot0908"",""slot0921"",""slot0929"",""slot0936"",""slot0941"",""slot0966"",""slot0990""]",,flux_2_max
3,3,3,3,3,3,3,3,3,3,3,3,3,3,3,3,3,3,3,3,3,3,3,3,named,72,paul_cezanne,,"[""slot0005"",""slot0021"",""slot0038"",""slot0042"",""slot0044"",""slot0070"",""slot0079"",""slot0102"",""slot0107"",""slot0133"",""slot0160"",""slot0191"",""slot0192"",""slot0199"",""slot0215"",""slot0222"",""slot0227"",""slot0232"",""slot0270"",""slot0280"",""slot0303"",""slot0304"",""slot0318"",""slot0325"",""slot0348"",""slot0358"",""slot0376"",""slot0385"",""slot0405"",""slot0416"",""slot0428"",""slot0448"",""slot0469"",""slot0487"",""slot0488"",""slot0501"",""slot0507"",""slot0521"",""slot0529"",""slot0532"",""slot0554"",""slot0561"",""slot0572"",""slot0609"",""slot0612"",""slot0643"",""slot0655"",""slot0693"",""slot0697"",""slot0710"",""slot0724"",""slot0728"",""slot0745"",""slot0752"",""slot0756"",""slot0765"",""slot0767"",""slot0785"",""slot0836"",""slot0863"",""slot0865"",""slot0870"",""slot0878"",""slot0887"",""slot0902"",""slot0909"",""slot0920"",""slot0930"",""slot0935"",""slot0942"",""slot0965"",""slot0989""]",,flux_2_max
3,3,3,3,3,3,3,3,3,3,3,3,3,3,3,3,3,3,3,3,3,3,3,3,artist_free,72,claude_monet,,"[""slot0001"",""slot0010"",""slot0012"",""slot0030"",""slot0088"",""slot0099"",""slot0110"",""slot0113"",""slot0122"",""slot0147"",""slot0155"",""slot0164"",""slot0167"",""slot0178"",""slot0186"",""slot0208"",""slot0234"",""slot0238"",""slot0259"",""slot0265"",""slot0291"",""slot0292"",""slot0313"",""slot0321"",""slot0322"",""slot0368"",""slot0374"",""slot0378"",""slot0390"",""slot0399"",""slot0409"",""slot0462"",""slot0471"",""slot0473"",""slot0481"",""slot0493"",""slot0514"",""slot0543"",""slot0556"",""slot0562"",""slot0578"",""slot0589"",""slot0592"",""slot0597"",""slot0604"",""slot0661"",""slot0662"",""slot0672"",""slot0695"",""slot0703"",""slot0717"",""slot0723"",""slot0748"",""slot0750"",""slot0772"",""slot0796"",""slot0804"",""slot0807"",""slot0829"",""slot0842"",""slot0849"",""slot0858"",""slot0875"",""slot0904"",""slot0911"",""slot0923"",""slot0932"",""slot0934"",""slot0939"",""slot0956"",""slot0986"",""slot0991""]",,nano_banana_2
3,3,3,3,3,3,3,3,3,3,3,3,3,3,3,3,3,3,3,3,3,3,3,3,named,72,claude_monet,,"[""slot0000"",""slot0011"",""slot0013"",""slot0031"",""slot0089"",""slot0098"",""slot0109"",""slot0114"",""slot0123"",""slot0146"",""slot0154"",""slot0165"",""slot0166"",""slot0179"",""slot0187"",""slot0209"",""slot0235"",""slot0239"",""slot0260"",""slot0264"",""slot0290"",""slot0293"",""slot0314"",""slot0320"",""slot0323"",""slot0367"",""slot0375"",""slot0379"",""slot0389"",""slot0398"",""slot0410"",""slot0461"",""slot0472"",""slot0474"",""slot0482"",""slot0494"",""slot0515"",""slot0542"",""slot0555"",""slot0563"",""slot0577"",""slot0588"",""slot0593"",""slot0598"",""slot0605"",""slot0660"",""slot0663"",""slot0673"",""slot0696"",""slot0702"",""slot0716"",""slot0722"",""slot0747"",""slot0749"",""slot0773"",""slot0797"",""slot0805"",""slot0806"",""slot0828"",""slot0841"",""slot0850"",""slot0859"",""slot0876"",""slot0903"",""slot0910"",""slot0922"",""slot0931"",""slot0933"",""slot0940"",""slot0955"",""slot0985"",""slot0992""]",,nano_banana_2
3,3,3,3,3,3,3,3,3,3,3,3,3,3,3,3,3,3,3,3,3,3,3,3,artist_free,72,paul_cezanne,,"[""slot0003"",""slot0007"",""slot0017"",""slot0041"",""slot0053"",""slot0071"",""slot0112"",""slot0117"",""slot0124"",""slot0142"",""slot0176"",""slot0206"",""slot0211"",""slot0219"",""slot0224"",""slot0226"",""slot0237"",""slot0241"",""slot0252"",""slot0255"",""slot0266"",""slot0285"",""slot0287"",""slot0297"",""slot0331"",""slot0365"",""slot0370"",""slot0384"",""slot0388"",""slot0395"",""slot0401"",""slot0423"",""slot0433"",""slot0436"",""slot0450"",""slot0499"",""slot0505"",""slot0530"",""slot0538"",""slot0551"",""slot0565"",""slot0583"",""slot0587"",""slot0591"",""slot0626"",""slot0642"",""slot0650"",""slot0652"",""slot0653"",""slot0668"",""slot0677"",""slot0720"",""slot0727"",""slot0741"",""slot0758"",""slot0775"",""slot0783"",""slot0787"",""slot0799"",""slot0809"",""slot0817"",""slot0832"",""slot0855"",""slot0884"",""slot0927"",""slot0958"",""slot0970"",""slot0972"",""slot0974"",""slot0978"",""slot0994"",""slot1007""]",,nano_banana_2
3,3,3,3,3,3,3,3,3,3,3,3,3,3,3,3,3,3,3,3,3,3,3,3,named,72,paul_cezanne,,"[""slot0002"",""slot0006"",""slot0018"",""slot0040"",""slot0052"",""slot0072"",""slot0111"",""slot0118"",""slot0125"",""slot0141"",""slot0177"",""slot0207"",""slot0210"",""slot0220"",""slot0223"",""slot0225"",""slot0236"",""slot0240"",""slot0253"",""slot0254"",""slot0267"",""slot0284"",""slot0286"",""slot0298"",""slot0332"",""slot0366"",""slot0369"",""slot0383"",""slot0387"",""slot0394"",""slot0400"",""slot0422"",""slot0434"",""slot0435"",""slot0451"",""slot0498"",""slot0504"",""slot0531"",""slot0537"",""slot0552"",""slot0564"",""slot0582"",""slot0586"",""slot0590"",""slot0625"",""slot0641"",""slot0649"",""slot0651"",""slot0654"",""slot0667"",""slot0678"",""slot0721"",""slot0726"",""slot0740"",""slot0759"",""slot0774"",""slot0782"",""slot0786"",""slot0798"",""slot0808"",""slot0818"",""slot0833"",""slot0854"",""slot0885"",""slot0928"",""slot0957"",""slot0969"",""slot0971"",""slot0973"",""slot0979"",""slot0993"",""slot1006""]",,nano_banana_2
3,3,3,,3,3,3,3,3,3,3,3,3,3,3,3,3,3,3,3,3,3,3,3,artist_free,69,claude_monet,low,"[""slot0014"",""slot0032"",""slot0046"",""slot0059"",""slot0062"",""slot0076"",""slot0092"",""slot0095"",""slot0104"",""slot0135"",""slot0151"",""slot0161"",""slot0168"",""slot0181"",""slot0202"",""slot0205"",""slot0229"",""slot0274"",""slot0294"",""slot0299"",""slot0308"",""slot0335"",""slot0341"",""slot0352"",""slot0355"",""slot0373"",""slot0413"",""slot0437"",""slot0440"",""slot0455"",""slot0463"",""slot0467"",""slot0475"",""slot0484"",""slot0527"",""slot0536"",""slot0559"",""slot0566"",""slot0576"",""slot0580"",""slot0601"",""slot0621"",""slot0627"",""slot0659"",""slot0671"",""slot0675"",""slot0684"",""slot0687"",""slot0688"",""slot0699"",""slot0707"",""slot0730"",""slot0762"",""slot0815"",""slot0824"",""slot0843"",""slot0852"",""slot0860"",""slot0867"",""slot0880"",""slot0889"",""slot0893"",""slot0894"",""slot0907"",""slot0914"",""slot0960"",""slot0995"",""slot1001"",""slot1005""]",medium,oauth_gpt_image_2
,,,3,,,,,,,,,,,,,,,,,,,,,artist_free,3,claude_monet,medium,"[""slot0150"",""slot0478"",""slot0848""]",medium,oauth_gpt_image_2
3,3,3,3,3,3,3,3,3,3,3,3,3,3,3,3,3,3,3,3,3,3,3,3,generic_named,72,claude_monet,low,"[""slot0016"",""slot0034"",""slot0048"",""slot0057"",""slot0060"",""slot0078"",""slot0090"",""slot0097"",""slot0105"",""slot0136"",""slot0148"",""slot0152"",""slot0162"",""slot0170"",""slot0180"",""slot0201"",""slot0203"",""slot0230"",""slot0275"",""slot0296"",""slot0300"",""slot0310"",""slot0333"",""slot0340"",""slot0353"",""slot0354"",""slot0371"",""slot0414"",""slot0438"",""slot0442"",""slot0457"",""slot0464"",""slot0468"",""slot0477"",""slot0479"",""slot0483"",""slot0526"",""slot0535"",""slot0558"",""slot0567"",""slot0575"",""slot0579"",""slot0599"",""slot0619"",""slot0628"",""slot0657"",""slot0669"",""slot0676"",""slot0683"",""slot0685"",""slot0690"",""slot0701"",""slot0708"",""slot0731"",""slot0764"",""slot0814"",""slot0822"",""slot0844"",""slot0847"",""slot0853"",""slot0861"",""slot0868"",""slot0881"",""slot0888"",""slot0892"",""slot0895"",""slot0905"",""slot0912"",""slot0961"",""slot0997"",""slot1000"",""slot1004""]",medium,oauth_gpt_image_2
3,3,3,3,3,3,3,3,3,3,3,3,3,3,3,3,3,3,3,3,3,3,3,3,named,72,claude_monet,low,"[""slot0015"",""slot0033"",""slot0047"",""slot0058"",""slot0061"",""slot0077"",""slot0091"",""slot0096"",""slot0106"",""slot0137"",""slot0149"",""slot0153"",""slot0163"",""slot0169"",""slot0182"",""slot0200"",""slot0204"",""slot0231"",""slot0276"",""slot0295"",""slot0301"",""slot0309"",""slot0334"",""slot0339"",""slot0351"",""slot0356"",""slot0372"",""slot0415"",""slot0439"",""slot0441"",""slot0456"",""slot0465"",""slot0466"",""slot0476"",""slot0480"",""slot0485"",""slot0525"",""slot0534"",""slot0557"",""slot0568"",""slot0574"",""slot0581"",""slot0600"",""slot0620"",""slot0629"",""slot0658"",""slot0670"",""slot0674"",""slot0682"",""slot0686"",""slot0689"",""slot0700"",""slot0706"",""slot0732"",""slot0763"",""slot0816"",""slot0823"",""slot0845"",""slot0846"",""slot0851"",""slot0862"",""slot0869"",""slot0879"",""slot0890"",""slot0891"",""slot0896"",""slot0906"",""slot0913"",""slot0959"",""slot0996"",""slot1002"",""slot1003""]",medium,oauth_gpt_image_2
3,3,3,,3,3,3,3,3,3,3,3,3,3,3,3,3,3,3,3,3,3,3,3,artist_free,69,paul_cezanne,low,"[""slot0027"",""slot0037"",""slot0050"",""slot0056"",""slot0064"",""slot0067"",""slot0075"",""slot0083"",""slot0121"",""slot0131"",""slot0143"",""slot0158"",""slot0173"",""slot0185"",""slot0214"",""slot0243"",""slot0249"",""slot0257"",""slot0261"",""slot0278"",""slot0316"",""slot0330"",""slot0338"",""slot0342"",""slot0359"",""slot0363"",""slot0380"",""slot0392"",""slot0403"",""slot0430"",""slot0446"",""slot0454"",""slot0460"",""slot0495"",""slot0510"",""slot0512"",""slot0518"",""slot0539"",""slot0546"",""slot0571"",""slot0594"",""slot0616"",""slot0624"",""slot0630"",""slot0634"",""slot0636"",""slot0666"",""slot0679"",""slot0713"",""slot0739"",""slot0744"",""slot0753"",""slot0770"",""slot0776"",""slot0780"",""slot0790"",""slot0793"",""slot0819"",""slot0839"",""slot0872"",""slot0917"",""slot0925"",""slot0945"",""slot0946"",""slot0951"",""slot0953"",""slot0963"",""slot0976"",""slot0984""]",medium,oauth_gpt_image_2
,,,3,,,,,,,,,,,,,,,,,,,,,artist_free,3,paul_cezanne,medium,"[""slot0138"",""slot0492"",""slot0825""]",medium,oauth_gpt_image_2
3,3,3,3,2,3,3,3,3,3,3,3,3,3,3,3,2,3,3,3,3,3,3,3,generic_named,70,paul_cezanne,low,"[""slot0026"",""slot0049"",""slot0054"",""slot0063"",""slot0068"",""slot0073"",""slot0082"",""slot0120"",""slot0130"",""slot0139"",""slot0145"",""slot0156"",""slot0172"",""slot0183"",""slot0212"",""slot0242"",""slot0250"",""slot0256"",""slot0262"",""slot0279"",""slot0315"",""slot0329"",""slot0337"",""slot0343"",""slot0360"",""slot0364"",""slot0381"",""slot0393"",""slot0402"",""slot0431"",""slot0445"",""slot0452"",""slot0458"",""slot0491"",""slot0497"",""slot0509"",""slot0513"",""slot0520"",""slot0540"",""slot0547"",""slot0569"",""slot0595"",""slot0623"",""slot0631"",""slot0635"",""slot0638"",""slot0664"",""slot0680"",""slot0714"",""slot0737"",""slot0743"",""slot0754"",""slot0771"",""slot0778"",""slot0781"",""slot0789"",""slot0791"",""slot0821"",""slot0827"",""slot0838"",""slot0873"",""slot0918"",""slot0926"",""slot0943"",""slot0948"",""slot0950"",""slot0954"",""slot0964"",""slot0975"",""slot0983""]",medium,oauth_gpt_image_2
3,3,3,3,3,3,3,3,3,3,3,3,3,3,3,3,3,3,3,3,3,3,3,3,named,72,paul_cezanne,low,"[""slot0025"",""slot0035"",""slot0051"",""slot0055"",""slot0065"",""slot0066"",""slot0074"",""slot0081"",""slot0119"",""slot0132"",""slot0140"",""slot0144"",""slot0157"",""slot0171"",""slot0184"",""slot0213"",""slot0244"",""slot0251"",""slot0258"",""slot0263"",""slot0277"",""slot0317"",""slot0328"",""slot0336"",""slot0344"",""slot0361"",""slot0362"",""slot0382"",""slot0391"",""slot0404"",""slot0432"",""slot0447"",""slot0453"",""slot0459"",""slot0490"",""slot0496"",""slot0508"",""slot0511"",""slot0519"",""slot0541"",""slot0548"",""slot0570"",""slot0596"",""slot0614"",""slot0622"",""slot0632"",""slot0633"",""slot0637"",""slot0665"",""slot0681"",""slot0715"",""slot0738"",""slot0742"",""slot0755"",""slot0769"",""slot0777"",""slot0779"",""slot0788"",""slot0792"",""slot0820"",""slot0826"",""slot0840"",""slot0874"",""slot0919"",""slot0924"",""slot0944"",""slot0947"",""slot0949"",""slot0952"",""slot0962"",""slot0977"",""slot0982""]",medium,oauth_gpt_image_2
