allocated,arm,available,mean,polarity,template_id,values
4,free,4,0.1066933881778764,muted,built_houses,"[0.20305905611320632, 0.20552962133389888, -0.018326465889262962, 0.036511341153663314]"
4,free,4,3.5710204675029122,vivid,built_houses,"[3.4962350507758204, 3.805352137369989, 3.5815978546752247, 3.4008968271906146]"
4,generic,4,0.3274570284941807,muted,built_houses,"[0.34792804431624613, 0.6064934190292528, 0.2817724312726184, 0.07363421935860527]"
4,generic,4,2.669935124527062,vivid,built_houses,"[2.543809733483363, 2.736261700329945, 2.5629662110503073, 2.8367028532446334]"
4,monet,4,-0.5091454235310559,muted,built_houses,"[-0.6087054919134074, -0.36664120323843286, -0.5129023000519509, -0.5483326989204321]"
4,monet,4,1.5454901514384107,vivid,built_houses,"[2.069919135011563, 1.1030353698681028, 1.1873764789714594, 1.8216296219025174]"
4,cezanne,4,-0.21464056001565496,muted,built_houses,"[-0.15093822931736373, -0.3972045025959099, -0.09548277912115614, -0.21493672902819005]"
4,cezanne,4,2.4559671252110897,vivid,built_houses,"[2.80442502027542, 2.1832010192705167, 2.6064203903279495, 2.2298220709704726]"
4,free,4,-0.1500392476612503,muted,built_village,"[-0.14963858042835576, -0.3496172989476888, 0.007419551796336069, -0.10832066306529269]"
4,free,4,2.9598158237843326,vivid,built_village,"[3.0121668239736548, 2.7337168738677855, 3.315882099972169, 2.7774974973237208]"
4,generic,4,0.033281365977022706,muted,built_village,"[-0.08240010449957019, 0.06024036080314425, 0.21836122999062335, -0.0630760223861066]"
4,generic,4,2.3425467599268277,vivid,built_village,"[2.3260678917250464, 2.1191398296512443, 2.8454328023536615, 2.07954651597736]"
4,monet,4,-0.6387525855548984,muted,built_village,"[-0.5503441098255958, -0.5888263464719213, -0.7872810913157963, -0.6285587946062804]"
4,monet,4,1.4892499643467012,vivid,built_village,"[2.040713728961971, 1.1822658698324073, 1.2442752105083956, 1.4897450480840313]"
4,cezanne,4,-0.205399430527681,muted,built_village,"[-0.02850280617140316, -0.18018019155297668, -0.2768841706926838, -0.33603055369366036]"
4,cezanne,4,2.323343348426142,vivid,built_village,"[2.6333296541329028, 2.1017512490933075, 2.174620391602395, 2.3836720988759637]"
4,free,4,0.15085689220677062,muted,land_fields,"[0.21574941516030924, 0.14382070085963233, 0.18641982489215952, 0.0574376279149813]"
4,free,4,4.801119740431965,vivid,land_fields,"[4.301134828933615, 5.211293645277769, 5.261165869429928, 4.430884618086548]"
4,generic,4,0.2591409420169712,muted,land_fields,"[0.08944572216662629, 0.584350456680049, 0.584350456680049, -0.22158286745883957]"
4,generic,4,4.123630132699841,vivid,land_fields,"[4.60661243619623, 3.6170180774182557, 4.263549887545963, 4.007340129638913]"
4,monet,4,-0.6835898558449386,muted,land_fields,"[-0.8522484697971434, -0.7279421599994115, -0.6936202866087784, -0.46054850697442123]"
4,monet,4,2.402676935431088,vivid,land_fields,"[2.5121212270211433, 2.1459395841976354, 2.5604107178470232, 2.3922362126585504]"
4,cezanne,4,-0.024751952007372784,muted,land_fields,"[-0.07911536208452895, -0.25938507056070137, 0.06694876540382014, 0.1725438592119191]"
4,cezanne,4,3.595769793960791,vivid,land_fields,"[3.873354366266058, 3.606557623722383, 3.9536860941465215, 2.949481091708202]"
4,free,4,-0.15580819814137375,muted,land_garden,"[-0.258081389868652, -0.18779867231553854, 0.03454277253991657, -0.21189550292122106]"
4,free,4,2.781562874309414,vivid,land_garden,"[2.844279953090031, 2.638712727844793, 2.7041562817544635, 2.9391025345483666]"
4,generic,4,-0.012794161528347281,muted,land_garden,"[-0.09921161562530025, 0.0653859261563905, 0.031051052322636153, -0.04840200896711553]"
4,generic,4,1.9829974020098216,vivid,land_garden,"[2.0525390627884335, 1.6869923347961422, 2.074987030628471, 2.117471179826239]"
4,monet,4,-0.284796040841549,muted,land_garden,"[-0.3265577012640207, -0.571794912592968, -0.3318005752257056, 0.09096902571649833]"
4,monet,4,1.396941798853161,vivid,land_garden,"[1.4457696531888455, 1.5696609176631557, 1.5732124579407962, 0.9991241666198464]"
4,cezanne,4,0.08388191672432943,muted,land_garden,"[-0.08717459281151202, 0.12713113213476845, 0.1909284610946827, 0.1046426664793786]"
4,cezanne,4,2.176695188571776,vivid,land_garden,"[2.0092754210412536, 2.2774220683134456, 2.173559516197825, 2.2465237487345804]"
4,free,4,-0.4874391665535678,muted,water_bend,"[-0.44919826745205854, -0.2843082540031977, -0.6965008146529512, -0.5197493301060635]"
4,free,4,3.1814707206716797,vivid,water_bend,"[3.0263947202672106, 3.181438241944075, 3.2216602466072017, 3.296389673868233]"
4,generic,4,-0.005659983840329329,muted,water_bend,"[-0.09295195637770289, 0.19887561270299914, -0.14956267217143993, 0.020999080484826356]"
4,generic,4,2.873405715502964,vivid,water_bend,"[3.110062408261536, 3.469681156580667, 2.481415067359263, 2.4324642298103902]"
4,monet,4,-0.9277896885034415,muted,water_bend,"[-1.0082911460925077, -0.9818134988478346, -0.835895221224702, -0.8851588878487218]"
4,monet,4,1.8762053432293797,vivid,water_bend,"[1.8003211675876518, 1.6007481548215887, 2.219400644876877, 1.8843514056314006]"
4,cezanne,4,-0.49199647122805207,muted,water_bend,"[-0.7443333573452824, -0.665512282333928, -0.34964436765325496, -0.20849587757974292]"
4,cezanne,4,2.185564986959861,vivid,water_bend,"[2.2744440648843476, 1.919142564985249, 2.654823072957549, 1.8938502450122983]"
4,free,4,-0.28748223267622586,muted,water_river,"[0.13237400064185684, -0.4391273527268718, -0.61137639979302, -0.2317991788268683]"
4,free,4,2.813272463518009,vivid,water_river,"[3.5119774051304415, 2.560565551462117, 2.429986631061882, 2.750560266417595]"
4,generic,4,-0.09276298816339051,muted,water_river,"[0.35288008533456255, -0.23715834928224852, -0.17671709001149338, -0.31005659869438273]"
4,generic,4,2.3293294045751725,vivid,water_river,"[3.5305638719388956, 1.694038259128281, 2.2443448534708494, 1.8483706337626635]"
4,monet,4,-0.8112296211110758,muted,water_river,"[-0.5037383844522523, -0.999262922496155, -0.8885323130668487, -0.8533848644290472]"
4,monet,4,1.5411086366685682,vivid,water_river,"[1.6724800436124703, 1.6908769289232433, 1.3784161018650467, 1.4226614722735127]"
4,cezanne,4,-0.5519426946579244,muted,water_river,"[-0.3195926138042411, -0.6799053081894243, -0.6897506637239026, -0.5185221929141297]"
4,cezanne,4,1.5646671401799301,vivid,water_river,"[1.382748606240126, 1.565146786237918, 1.7378375374779755, 1.572935630763701]"
