arm_polarity_means.cezanne.muted,arm_polarity_means.cezanne.vivid,arm_polarity_means.free.muted,arm_polarity_means.free.vivid,arm_polarity_means.generic.muted,arm_polarity_means.generic.vivid,arm_polarity_means.monet.muted,arm_polarity_means.monet.vivid,feature_index,feature_name,generic_minus_free,interactions.cezanne_minus_generic,interactions.monet_minus_generic,responses.cezanne,responses.free,responses.generic,responses.monet,template_responses
-0.4844257704426562,-0.13759901355114731,-0.6812359282777839,-0.08230954478725823,-0.7491955711740323,-0.14636005101111274,0.03344839232967681,0.30198296695796234,0,lightness_median,0.003909136672394009,-0.25600876327141076,-0.3343009455346341,0.3468267568915089,0.5989263834905256,0.6028355201629196,0.26853457462828556,"[{""interactions"": {""cezanne_minus_generic"": -0.2942890609565265, ""monet_minus_generic"": -0.4956257708527423}, ""responses"": {""cezanne"": 0.24996457902213035, ""free"": 0.5643823228496196, ""generic"": 0.5442536399786568, ""monet"": 0.048627869125914554}, ""template_id"": ""built_houses""}, {""interactions"": {""cezanne_minus_generic"": -0.28340552711526623, ""monet_minus_generic"": -0.3148079696957709}, ""responses"": {""cezanne"": 0.29981144837074947, ""free"": 0.6457601636185172, ""generic"": 0.5832169754860157, ""monet"": 0.2684090057902448}, ""template_id"": ""built_village""}, {""interactions"": {""cezanne_minus_generic"": 0.05633720525825314, ""monet_minus_generic"": -0.3579351163817184}, ""responses"": {""cezanne"": 0.5717774279798045, ""free"": 0.662311404800275, ""generic"": 0.5154402227215513, ""monet"": 0.15750510633983295}, ""template_id"": ""land_fields""}, {""interactions"": {""cezanne_minus_generic"": -0.22827311726926314, ""monet_minus_generic"": -0.20572442957470516}, ""responses"": {""cezanne"": 0.4350795731621273, ""free"": 0.715812462446887, ""generic"": 0.6633526904313904, ""monet"": 0.4576282608566853}, ""template_id"": ""land_garden""}, {""interactions"": {""cezanne_minus_generic"": -0.39449005580658336, ""monet_minus_generic"": -0.305075227369017}, ""responses"": {""cezanne"": 0.23033407622895144, ""free"": 0.533718734903747, ""generic"": 0.6248241320355348, ""monet"": 0.3197489046665178}, ""template_id"": ""water_bend""}, {""interactions"": {""cezanne_minus_generic"": -0.39193202373907765, ""monet_minus_generic"": -0.32663715933384996}, ""responses"": {""cezanne"": 0.2939934365852902, ""free"": 0.4715732123241081, ""generic"": 0.6859254603243679, ""monet"": 0.3592883009905179}, ""template_id"": ""water_river""}]"
-0.5001745195689297,-0.21299756044233917,-0.028264638132983744,0.4645159959715806,0.15195329088367063,0.4335381466381509,-0.4663471535140278,-0.13742699357573854,1,lightness_iqr,-0.21119577835008413,0.0055921033721102464,0.047335304183809046,0.28717695912659047,0.49278063410456435,0.2815848557544802,0.32892015993828927,"[{""interactions"": {""cezanne_minus_generic"": -0.26968607115750054, ""monet_minus_generic"": -0.3323744286664645}, ""responses"": {""cezanne"": 0.46833284594066826, ""free"": 0.8039763593934721, ""generic"": 0.7380189170981688, ""monet"": 0.4056444884317043}, ""template_id"": ""built_houses""}, {""interactions"": {""cezanne_minus_generic"": 0.06741900229977105, ""monet_minus_generic"": 0.16714245830502356}, ""responses"": {""cezanne"": 0.2910449290493756, ""free"": 0.6037558968069251, ""generic"": 0.22362592674960458, ""monet"": 0.39076838505462813}, ""template_id"": ""built_village""}, {""interactions"": {""cezanne_minus_generic"": -0.0651750637488961, ""monet_minus_generic"": 0.4676285953773005}, ""responses"": {""cezanne"": -0.025157657303044256, ""free"": 0.10291107841278536, ""generic"": 0.04001740644585185, ""monet"": 0.5076460018231523}, ""template_id"": ""land_fields""}, {""interactions"": {""cezanne_minus_generic"": -0.15780674929804128, ""monet_minus_generic"": 0.03515964551940931}, ""responses"": {""cezanne"": 0.5382118127512786, ""free"": 1.0384899354542196, ""generic"": 0.6960185620493199, ""monet"": 0.7311782075687292}, ""template_id"": ""land_garden""}, {""interactions"": {""cezanne_minus_generic"": 0.3898273774213931, ""monet_minus_generic"": 0.15095075877382408}, ""responses"": {""cezanne"": 0.29499119300029214, ""free"": 0.3187191776446944, ""generic"": -0.09483618442110098, ""monet"": 0.0561145743527231}, ""template_id"": ""water_bend""}, {""interactions"": {""cezanne_minus_generic"": 0.0689741247159352, ""monet_minus_generic"": -0.20449520420623896}, ""responses"": {""cezanne"": 0.15563863132097241, ""free"": 0.08883135691528987, ""generic"": 0.08666450660503722, ""monet"": -0.11783069760120174}, ""template_id"": ""water_river""}]"
-0.2341415319520593,2.383667930551598,-0.13720309410796178,3.3513770150363853,0.08477703382601791,2.720307423206948,-0.6425505358978266,1.7086121383278847,2,chroma_median,-0.8530497197634168,-0.01772092687727289,-0.2843677151552191,2.6178094625036574,3.488580109144347,2.6355303893809303,2.3511626742257112,"[{""interactions"": {""cezanne_minus_generic"": 0.32812958919386315, ""monet_minus_generic"": -0.287842521063415}, ""responses"": {""cezanne"": 2.6706076852267446, ""free"": 3.4643270793250354, ""generic"": 2.3424780960328815, ""monet"": 2.0546355749694665}, ""template_id"": ""built_houses""}, {""interactions"": {""cezanne_minus_generic"": 0.21947738500401837, ""monet_minus_generic"": -0.18126284404820536}, ""responses"": {""cezanne"": 2.5287427789538235, ""free"": 3.1098550714455824, ""generic"": 2.309265393949805, ""monet"": 2.1280025499015998}, ""template_id"": ""built_village""}, {""interactions"": {""cezanne_minus_generic"": -0.2439674447147051, ""monet_minus_generic"": -0.7782223994068418}, ""responses"": {""cezanne"": 3.620521745968164, ""free"": 4.650262848225195, ""generic"": 3.864489190682869, ""monet"": 3.086266791276027}, ""template_id"": ""land_fields""}, {""interactions"": {""cezanne_minus_generic"": 0.09702170830927748, ""monet_minus_generic"": -0.3140537238434591}, ""responses"": {""cezanne"": 2.0928132718474464, ""free"": 2.9373710724507873, ""generic"": 1.995791563538169, ""monet"": 1.6817378396947098}, ""template_id"": ""land_garden""}, {""interactions"": {""cezanne_minus_generic"": -0.20150424115538046, ""monet_minus_generic"": -0.07507066761047199}, ""responses"": {""cezanne"": 2.677561458187913, ""free"": 3.6689098872252477, ""generic"": 2.8790656993432933, ""monet"": 2.8039950317328213}, ""template_id"": ""water_bend""}, {""interactions"": {""cezanne_minus_generic"": -0.30548255790070833, ""monet_minus_generic"": -0.0697541349589188}, ""responses"": {""cezanne"": 2.1166098348378544, ""free"": 3.100754696194235, ""generic"": 2.4220923927385627, ""monet"": 2.352338257779644}, ""template_id"": ""water_river""}]"
-0.1036544159651655,1.7040920408549918,-0.4293757525563431,2.612705129282484,-0.36894763886610743,2.196801256604224,-0.4315427608130706,1.4510024883618662,3,chroma_iqr,-0.47633198636849583,-0.758002438650174,-0.6832036462953945,1.8077464568201573,3.042080881838827,2.5657488954703314,1.8825452491749368,"[{""interactions"": {""cezanne_minus_generic"": -0.724577214624436, ""monet_minus_generic"": -1.0790808256786155}, ""responses"": {""cezanne"": 2.132544176224481, ""free"": 3.487807020033273, ""generic"": 2.857121390848917, ""monet"": 1.7780405651703015}, ""template_id"": ""built_houses""}, {""interactions"": {""cezanne_minus_generic"": -0.6389859626716445, ""monet_minus_generic"": -0.8953641909480545}, ""responses"": {""cezanne"": 1.8585126026858916, ""free"": 2.9395868498094977, ""generic"": 2.497498565357536, ""monet"": 1.6021343744094816}, ""template_id"": ""built_village""}, {""interactions"": {""cezanne_minus_generic"": -0.994556651772383, ""monet_minus_generic"": -0.6837614071322733}, ""responses"": {""cezanne"": 2.131755891806245, ""free"": 3.607565345973068, ""generic"": 3.126312543578628, ""monet"": 2.4425511364463546}, ""template_id"": ""land_fields""}, {""interactions"": {""cezanne_minus_generic"": -0.3083395159942226, ""monet_minus_generic"": -0.5019877175763752}, ""responses"": {""cezanne"": 1.6931492885507398, ""free"": 2.7136544268767806, ""generic"": 2.0014888045449624, ""monet"": 1.4995010869685872}, ""template_id"": ""land_garden""}, {""interactions"": {""cezanne_minus_generic"": -0.920951978791291, ""monet_minus_generic"": -0.5127439245417329}, ""responses"": {""cezanne"": 1.6012105091819635, ""free"": 2.644059956441683, ""generic"": 2.5221624879732545, ""monet"": 2.0094185634315216}, ""template_id"": ""water_bend""}, {""interactions"": {""cezanne_minus_generic"": -0.9606033080470682, ""monet_minus_generic"": -0.4262838118953183}, ""responses"": {""cezanne"": 1.429306272471623, ""free"": 2.8598116918986594, ""generic"": 2.389909580518691, ""monet"": 1.963625768623373}, ""template_id"": ""water_river""}]"
-0.4141184784190926,0.7070322259175311,0.08447508440743985,0.6901919933977333,0.43343760180304675,0.6637350369266269,-1.1591327211037525,0.6646273044076434,4,chromatic_fraction,-0.3754194738667132,0.8908532692130435,1.5934625903878157,1.1211507043366238,0.6057169089902934,0.2302974351235802,1.823760025511396,"[{""interactions"": {""cezanne_minus_generic"": 1.073479723066446, ""monet_minus_generic"": 1.448910399188967}, ""responses"": {""cezanne"": 0.9368830684462099, ""free"": 0.06768157135821506, ""generic"": -0.13659665462023596, ""monet"": 1.312313744568731}, ""template_id"": ""built_houses""}, {""interactions"": {""cezanne_minus_generic"": 0.7081753054961217, ""monet_minus_generic"": 1.5469829445473942}, ""responses"": {""cezanne"": 0.8847614826852954, ""free"": 0.4253002722260453, ""generic"": 0.1765861771891737, ""monet"": 1.7235691217365678}, ""template_id"": ""built_village""}, {""interactions"": {""cezanne_minus_generic"": 1.0634763435235097, ""monet_minus_generic"": 1.93737636383459}, ""responses"": {""cezanne"": 1.184362478301072, ""free"": 0.27531605089780226, ""generic"": 0.12088613477756238, ""monet"": 2.0582624986121525}, ""template_id"": ""land_fields""}, {""interactions"": {""cezanne_minus_generic"": 0.1596350164164968, ""monet_minus_generic"": 0.5841685444550463}, ""responses"": {""cezanne"": 0.587302879911399, ""free"": 0.6784319129797761, ""generic"": 0.42766786349490216, ""monet"": 1.0118364079499484}, ""template_id"": ""land_garden""}, {""interactions"": {""cezanne_minus_generic"": 1.4024418553932074, ""monet_minus_generic"": 2.354264656747917}, ""responses"": {""cezanne"": 1.7338779287568753, ""free"": 1.4375582880190785, ""generic"": 0.33143607336366787, ""monet"": 2.6857007301115847}, ""template_id"": ""water_bend""}, {""interactions"": {""cezanne_minus_generic"": 0.9379113713824807, ""monet_minus_generic"": 1.6890726335529809}, ""responses"": {""cezanne"": 1.3997163879188914, ""free"": 0.7500133584608428, ""generic"": 0.46180501653641076, ""monet"": 2.1508776500893916}, ""template_id"": ""water_river""}]"
0.5354140998919448,-0.8702544456321964,0.7023475664600375,-0.9252131528767107,0.7099572658248817,-0.8723506337431965,0.4532565848205909,-1.2791497042594335,5,hue_concentration,0.045252819768669905,0.17663935404393705,-0.1500983895119461,-1.4056685455241413,-1.6275607193367483,-1.5823078995680784,-1.7324062890800245,"[{""interactions"": {""cezanne_minus_generic"": -0.28359919588673765, ""monet_minus_generic"": -0.43920067779619876}, ""responses"": {""cezanne"": -1.7397291948764986, ""free"": -1.2891826749038242, ""generic"": -1.456129998989761, ""monet"": -1.8953306767859597}, ""template_id"": ""built_houses""}, {""interactions"": {""cezanne_minus_generic"": 0.25608152196811007, ""monet_minus_generic"": -0.468161810837761}, ""responses"": {""cezanne"": -1.1897987476486311, ""free"": -1.397964733970245, ""generic"": -1.4458802696167412, ""monet"": -1.9140420804545022}, ""template_id"": ""built_village""}, {""interactions"": {""cezanne_minus_generic"": 0.13088614213800054, ""monet_minus_generic"": -0.17940498317455678}, ""responses"": {""cezanne"": -1.7611781633828894, ""free"": -2.262618489236022, ""generic"": -1.8920643055208899, ""monet"": -2.0714692886954467}, ""template_id"": ""land_fields""}, {""interactions"": {""cezanne_minus_generic"": 0.2893354611349783, ""monet_minus_generic"": -0.11502139008486023}, ""responses"": {""cezanne"": -0.7144998633110182, ""free"": -1.0606274071327595, ""generic"": -1.0038353244459965, ""monet"": -1.1188567145308568}, ""template_id"": ""land_garden""}, {""interactions"": {""cezanne_minus_generic"": 0.2505158783535282, ""monet_minus_generic"": 0.2094551410480483}, ""responses"": {""cezanne"": -1.537427215197845, ""free"": -1.772995658009517, ""generic"": -1.7879430935513732, ""monet"": -1.5784879525033249}, ""template_id"": ""water_bend""}, {""interactions"": {""cezanne_minus_generic"": 0.4166163165557435, ""monet_minus_generic"": 0.09174338377365276}, ""responses"": {""cezanne"": -1.4913780887279646, ""free"": -1.9819753527681216, ""generic"": -1.9079944052837081, ""monet"": -1.8162510215100554}, ""template_id"": ""water_river""}]"
-0.9028972459469307,0.518278881656989,-1.986474089954524,0.39492510541143755,-2.0968032550245135,0.16892732791936083,-0.8792228985583237,0.6044263154961479,6,hue_entropy,-0.11566861242208759,-0.8445544553399544,-0.7820813688894024,1.4211761276039196,2.3813991953659617,2.265730582943874,1.4836492140544717,"[{""interactions"": {""cezanne_minus_generic"": -1.0915056787678301, ""monet_minus_generic"": -0.6807910420594787}, ""responses"": {""cezanne"": 1.6074184229432449, ""free"": 2.806009573416328, ""generic"": 2.698924101711075, ""monet"": 2.0181330596515963}, ""template_id"": ""built_houses""}, {""interactions"": {""cezanne_minus_generic"": -1.197096317334136, ""monet_minus_generic"": -0.592224196677622}, ""responses"": {""cezanne"": 1.0722967429661354, ""free"": 2.3690506822300383, ""generic"": 2.2693930603002714, ""monet"": 1.6771688636226494}, ""template_id"": ""built_village""}, {""interactions"": {""cezanne_minus_generic"": -0.9390579468577276, ""monet_minus_generic"": -1.29170649515972}, ""responses"": {""cezanne"": 1.5217626463921394, ""free"": 2.8043636551204996, ""generic"": 2.460820593249867, ""monet"": 1.169114098090147}, ""template_id"": ""land_fields""}, {""interactions"": {""cezanne_minus_generic"": -0.6622261179977253, ""monet_minus_generic"": -0.32691608338935696}, ""responses"": {""cezanne"": 1.0952984218315205, ""free"": 1.7866778757870525, ""generic"": 1.7575245398292458, ""monet"": 1.4306084564398889}, ""template_id"": ""land_garden""}, {""interactions"": {""cezanne_minus_generic"": -0.3160316875374394, ""monet_minus_generic"": -0.5971487237125821}, ""responses"": {""cezanne"": 1.733783012590789, ""free"": 2.1542112954580674, ""generic"": 2.0498147001282283, ""monet"": 1.4526659764156462}, ""template_id"": ""water_bend""}, {""interactions"": {""cezanne_minus_generic"": -0.861408983544873, ""monet_minus_generic"": -1.2037016723376586}, ""responses"": {""cezanne"": 1.4964975188996874, ""free"": 2.3680820901837816, ""generic"": 2.3579065024445605, ""monet"": 1.154204830106902}, ""template_id"": ""water_river""}]"
-0.477711142778711,0.8100053861022984,-0.602729522800106,1.8435135961664597,-0.6900813461132471,1.5960408306328564,-0.114387598913815,2.561685984167583,7,deltae_01,-0.16012094222046214,-0.9984056478650942,0.38995140633529424,1.2877165288810095,2.446243118966566,2.2861221767461037,2.676073583081398,"[{""interactions"": {""cezanne_minus_generic"": -1.3472334068761163, ""monet_minus_generic"": 0.21900034402095336}, ""responses"": {""cezanne"": 1.2239230989930279, ""free"": 2.201414813240441, ""generic"": 2.571156505869144, ""monet"": 2.7901568498900975}, ""template_id"": ""built_houses""}, {""interactions"": {""cezanne_minus_generic"": -1.2835887431012214, ""monet_minus_generic"": 0.28917911885656666}, ""responses"": {""cezanne"": 1.0543231722464448, ""free"": 2.5562074046664316, ""generic"": 2.337911915347666, ""monet"": 2.627091034204233}, ""template_id"": ""built_village""}, {""interactions"": {""cezanne_minus_generic"": -0.651407150997735, ""monet_minus_generic"": 0.9388297261450096}, ""responses"": {""cezanne"": 1.1249914498120672, ""free"": 2.1586957121206782, ""generic"": 1.7763986008098023, ""monet"": 2.715228326954812}, ""template_id"": ""land_fields""}, {""interactions"": {""cezanne_minus_generic"": -0.969085193638924, ""monet_minus_generic"": -0.0322352325952151}, ""responses"": {""cezanne"": 1.7087084784806292, ""free"": 2.9422022621240127, ""generic"": 2.677793672119553, ""monet"": 2.645558439524338}, ""template_id"": ""land_garden""}, {""interactions"": {""cezanne_minus_generic"": -0.9596185162040602, ""monet_minus_generic"": 0.5546626497052567}, ""responses"": {""cezanne"": 1.1788740128846458, ""free"": 2.431251457833111, ""generic"": 2.138492529088706, ""monet"": 2.6931551787939627}, ""template_id"": ""water_bend""}, {""interactions"": {""cezanne_minus_generic"": -0.7795008763725062, ""monet_minus_generic"": 0.3702718318792}, ""responses"": {""cezanne"": 1.4354789608692413, ""free"": 2.387687063814719, ""generic"": 2.2149798372417475, ""monet"": 2.5852516691209475}, ""template_id"": ""water_river""}]"
-0.20955782137405612,1.695668320810489,-0.6667343145785942,2.1052431021648927,-0.7342222966845773,1.689327480856237,-0.3773662070784816,2.0130354765052374,8,deltae_04,-0.3484276392026726,-0.5183236353562692,-0.03314809395709517,1.9052261421845451,2.771977416743487,2.4235497775408144,2.390401683583719,"[{""interactions"": {""cezanne_minus_generic"": -0.9604863599615698, ""monet_minus_generic"": -0.2719914963395387}, ""responses"": {""cezanne"": 1.9443889199068276, ""free"": 2.958042255149354, ""generic"": 2.9048752798683974, ""monet"": 2.6328837835288588}, ""template_id"": ""built_houses""}, {""interactions"": {""cezanne_minus_generic"": -0.9127152750707266, ""monet_minus_generic"": -0.07037315805902633}, ""responses"": {""cezanne"": 1.608915541944171, ""free"": 2.855001366799717, ""generic"": 2.5216308170148976, ""monet"": 2.451257658955871}, ""template_id"": ""built_village""}, {""interactions"": {""cezanne_minus_generic"": -0.27856393253142264, ""monet_minus_generic"": 0.36255101145683066}, ""responses"": {""cezanne"": 1.6616173277828516, ""free"": 2.408219068868248, ""generic"": 1.9401812603142743, ""monet"": 2.302732271771105}, ""template_id"": ""land_fields""}, {""interactions"": {""cezanne_minus_generic"": -0.4263899748363742, ""monet_minus_generic"": -0.2072714222731027}, ""responses"": {""cezanne"": 2.1601273764726128, ""free"": 3.1361144264783234, ""generic"": 2.586517351308987, ""monet"": 2.3792459290358843}, ""template_id"": ""land_garden""}, {""interactions"": {""cezanne_minus_generic"": -0.21095057556709707, ""monet_minus_generic"": 0.14505500313146058}, ""responses"": {""cezanne"": 1.996791992696278, ""free"": 2.681316968782548, ""generic"": 2.207742568263375, ""monet"": 2.3527975713948357}, ""template_id"": ""water_bend""}, {""interactions"": {""cezanne_minus_generic"": -0.320835694170424, ""monet_minus_generic"": -0.15685850165919613}, ""responses"": {""cezanne"": 2.059515694304531, ""free"": 2.593170414382731, ""generic"": 2.380351388474955, ""monet"": 2.223492886815759}, ""template_id"": ""water_river""}]"
-0.41022075407225805,2.0432337509713308,-0.8367621749243551,2.800889273374913,-0.9007220923957844,2.2768702632725657,-0.7200761272974457,2.0292860324823345,9,deltae_16,-0.46005909263091826,-0.7241378506247611,-0.4282301958885699,2.453454505043589,3.6376514482992683,3.17759235566835,2.74936215977978,"[{""interactions"": {""cezanne_minus_generic"": -1.103228359347702, ""monet_minus_generic"": -0.8456471931892278}, ""responses"": {""cezanne"": 2.8036987320765214, ""free"": 4.232985881942573, ""generic"": 3.9069270914242233, ""monet"": 3.0612798982349956}, ""template_id"": ""built_houses""}, {""interactions"": {""cezanne_minus_generic"": -0.899231097390091, ""monet_minus_generic"": -0.2518611398267536}, ""responses"": {""cezanne"": 2.1572188489395328, ""free"": 3.6533831798689445, ""generic"": 3.0564499463296237, ""monet"": 2.80458880650287}, ""template_id"": ""built_village""}, {""interactions"": {""cezanne_minus_generic"": -0.7364794746353174, ""monet_minus_generic"": -0.20454466458446596}, ""responses"": {""cezanne"": 2.3134795170570945, ""free"": 3.428698467203331, ""generic"": 3.049958991692412, ""monet"": 2.845414327107946}, ""template_id"": ""land_fields""}, {""interactions"": {""cezanne_minus_generic"": -0.6990999253102603, ""monet_minus_generic"": -0.3375802986740126}, ""responses"": {""cezanne"": 2.2525341950794124, ""free"": 3.6532038973020597, ""generic"": 2.9516341203896728, ""monet"": 2.61405382171566}, ""template_id"": ""land_garden""}, {""interactions"": {""cezanne_minus_generic"": -0.23372692471799006, ""monet_minus_generic"": -0.2316312277145256}, ""responses"": {""cezanne"": 2.6900426060884683, ""free"": 3.4561073280221066, ""generic"": 2.9237695308064584, ""monet"": 2.692138303091933}, ""template_id"": ""water_bend""}, {""interactions"": {""cezanne_minus_generic"": -0.6730613223472046, ""monet_minus_generic"": -0.6981166513424362}, ""responses"": {""cezanne"": 2.503753131020507, ""free"": 3.4015299354565958, ""generic"": 3.1768144533677116, ""monet"": 2.4786978020252755}, ""template_id"": ""water_river""}]"
0.6047119794771255,1.1221282750547619,0.14343775436074943,0.5286968623227749,0.23100743472661267,0.399851059154321,-0.776022914798879,-0.6948953747493615,10,deltae_slope,-0.2164154835343171,0.348572671149928,-0.08771608437819084,0.5174162955776364,0.38525910796202545,0.16884362442770834,0.0811275400495175,"[{""interactions"": {""cezanne_minus_generic"": 0.5276327202846381, ""monet_minus_generic"": -0.1427912682318782}, ""responses"": {""cezanne"": 0.6918137623422009, ""free"": 0.6996957332265368, ""generic"": 0.1641810420575628, ""monet"": 0.021389773825684577}, ""template_id"": ""built_houses""}, {""interactions"": {""cezanne_minus_generic"": 0.43131480483766144, ""monet_minus_generic"": -0.03253744543909205}, ""responses"": {""cezanne"": 0.532598129451354, ""free"": 0.3407513515584466, ""generic"": 0.10128332461369256, ""monet"": 0.06874587917460051}, ""template_id"": ""built_village""}, {""interactions"": {""cezanne_minus_generic"": -0.10330956403015867, ""monet_minus_generic"": -0.5520760837633046}, ""responses"": {""cezanne"": 0.7491611501940906, ""free"": 0.7742207799524887, ""generic"": 0.8524707142242492, ""monet"": 0.3003946304609446}, ""template_id"": ""land_fields""}, {""interactions"": {""cezanne_minus_generic"": 0.15369979440734075, ""monet_minus_generic"": 0.25627773131737275}, ""responses"": {""cezanne"": 0.005167846118482755, ""free"": 0.2391661254097297, ""generic"": -0.148531948288858, ""monet"": 0.10774578302851479}, ""template_id"": ""land_garden""}, {""interactions"": {""cezanne_minus_generic"": 0.8314952864932227, ""monet_minus_generic"": 0.08804351430009383}, ""responses"": {""cezanne"": 0.805198419572932, ""free"": 0.20677380740148804, ""generic"": -0.02629686692029065, ""monet"": 0.06174664737980318}, ""template_id"": ""water_bend""}, {""interactions"": {""cezanne_minus_generic"": 0.25060298490686367, ""monet_minus_generic"": -0.14321295445233712}, ""responses"": {""cezanne"": 0.32055846578675795, ""free"": 0.050946850223463014, ""generic"": 0.06995548087989428, ""monet"": -0.07325747357244283}, ""template_id"": ""water_river""}]"
-0.30853265506585414,-0.19285029298220283,-0.20511815551596255,0.5264639429174792,-0.29881272707297635,0.5239623304681156,0.38651791181350786,0.8949972342092901,11,spectral_slope,0.09119295910765013,-0.7070926954574406,-0.31429573514530973,0.11568236208365132,0.7315820984334418,0.8227750575410919,0.5084793223957822,"[{""interactions"": {""cezanne_minus_generic"": -1.171123136240157, ""monet_minus_generic"": -0.2608878128789285}, ""responses"": {""cezanne"": -0.13742633982477293, ""free"": 0.8230961351527095, ""generic"": 1.0336967964153843, ""monet"": 0.7728089835364558}, ""template_id"": ""built_houses""}, {""interactions"": {""cezanne_minus_generic"": -0.6209759218195866, ""monet_minus_generic"": -0.4489571795021543}, ""responses"": {""cezanne"": 0.06973394439342384, ""free"": 0.37740455797107075, ""generic"": 0.6907098662130104, ""monet"": 0.24175268671085615}, ""template_id"": ""built_village""}, {""interactions"": {""cezanne_minus_generic"": -0.7842418738285488, ""monet_minus_generic"": -0.5830053610637499}, ""responses"": {""cezanne"": -0.008818571899774363, ""free"": 0.8103335332577674, ""generic"": 0.7754233019287744, ""monet"": 0.1924179408650245}, ""template_id"": ""land_fields""}, {""interactions"": {""cezanne_minus_generic"": -0.37137507857265006, ""monet_minus_generic"": 0.05929874916643496}, ""responses"": {""cezanne"": 0.36159051566822253, ""free"": 0.41235112659872564, ""generic"": 0.7329655942408726, ""monet"": 0.7922643434073076}, ""template_id"": ""land_garden""}, {""interactions"": {""cezanne_minus_generic"": -0.9176480250350905, ""monet_minus_generic"": -0.6158728030576873}, ""responses"": {""cezanne"": -0.005180521144942329, ""free"": 0.8495440475743391, ""generic"": 0.9124675038901482, ""monet"": 0.29659470083246087}, ""template_id"": ""water_bend""}, {""interactions"": {""cezanne_minus_generic"": -0.37719213724861017, ""monet_minus_generic"": -0.03635000353577322}, ""responses"": {""cezanne"": 0.41419514530975127, ""free"": 1.1167631900460384, ""generic"": 0.7913872825583614, ""monet"": 0.7550372790225882}, ""template_id"": ""water_river""}]"
-0.17142741768143263,-0.6333399484193981,1.0823495981949443,-0.2663433561354479,1.0031987613726752,-0.1684574017704067,0.7986025315234132,-0.04969274378662689,12,spectral_residual,0.17703679118731053,0.7097436324051163,0.3233608878330416,-0.46191253073796545,-1.3486929543303923,-1.1716561631430817,-0.8482952753100401,"[{""interactions"": {""cezanne_minus_generic"": 0.4933650089232128, ""monet_minus_generic"": 1.0659111731990263}, ""responses"": {""cezanne"": -0.7134521986411603, ""free"": -0.6199589002563347, ""generic"": -1.206817207564373, ""monet"": -0.14090603436534685}, ""template_id"": ""built_houses""}, {""interactions"": {""cezanne_minus_generic"": 0.4913144562989977, ""monet_minus_generic"": 0.1474850636638556}, ""responses"": {""cezanne"": -0.4325312890853137, ""free"": -1.1244687564591216, ""generic"": -0.9238457453843114, ""monet"": -0.7763606817204558}, ""template_id"": ""built_village""}, {""interactions"": {""cezanne_minus_generic"": 0.5651322418084987, ""monet_minus_generic"": 0.6035935602017355}, ""responses"": {""cezanne"": -0.8880350054568666, ""free"": -1.1393044607298746, ""generic"": -1.4531672472653654, ""monet"": -0.8495736870636299}, ""template_id"": ""land_fields""}, {""interactions"": {""cezanne_minus_generic"": 0.7584813169774847, ""monet_minus_generic"": 0.15121688946020162}, ""responses"": {""cezanne"": -0.1312912382085154, ""free"": -1.404506080532431, ""generic"": -0.8897725551860001, ""monet"": -0.7385556657257984}, ""template_id"": ""land_garden""}, {""interactions"": {""cezanne_minus_generic"": 1.2587140927483975, ""monet_minus_generic"": 0.2558624085341359}, ""responses"": {""cezanne"": -0.38267668536859856, ""free"": -2.214502249049054, ""generic"": -1.641390778116996, ""monet"": -1.3855283695828602}, ""template_id"": ""water_bend""}, {""interactions"": {""cezanne_minus_generic"": 0.6914546776741061, ""monet_minus_generic"": -0.28390376806070494}, ""responses"": {""cezanne"": -0.2234887676673385, ""free"": -1.5894172789555374, ""generic"": -0.9149434453414446, ""monet"": -1.1988472134021495}, ""template_id"": ""water_river""}]"
-0.23520419753553526,-0.33770668602515846,0.27429657160245724,-0.05536403565639072,0.26269706703260226,-0.09632830012102434,-0.22460353205436348,-0.3927674975962299,13,spectral_anisotropy,-0.029364759894778658,0.25652287866400336,0.19086140161176016,-0.1025024884896232,-0.32966060725884794,-0.3590253671536266,-0.16816396554186644,"[{""interactions"": {""cezanne_minus_generic"": 0.06734761364515911, ""monet_minus_generic"": 0.08560451430054988}, ""responses"": {""cezanne"": -0.10978727582167076, ""free"": 0.16407984268694986, ""generic"": -0.17713488946682987, ""monet"": -0.09153037516627999}, ""template_id"": ""built_houses""}, {""interactions"": {""cezanne_minus_generic"": 0.4824800040623944, ""monet_minus_generic"": 0.4018428055069644}, ""responses"": {""cezanne"": -0.046873376370865694, ""free"": -0.08462797604198385, ""generic"": -0.5293533804332601, ""monet"": -0.1275105749262957}, ""template_id"": ""built_village""}, {""interactions"": {""cezanne_minus_generic"": 0.44307175534479176, ""monet_minus_generic"": 0.3071786755813225}, ""responses"": {""cezanne"": -0.05559663301814649, ""free"": -0.32786374926396467, ""generic"": -0.49866838836293825, ""monet"": -0.19148971278161578}, ""template_id"": ""land_fields""}, {""interactions"": {""cezanne_minus_generic"": 0.08131895627013963, ""monet_minus_generic"": 0.1586095959265726}, ""responses"": {""cezanne"": -0.17861286195419518, ""free"": -0.4612817237980664, ""generic"": -0.2599318182243348, ""monet"": -0.10132222229776222}, ""template_id"": ""land_garden""}, {""interactions"": {""cezanne_minus_generic"": 0.4979665429095085, ""monet_minus_generic"": 0.059870297010558904}, ""responses"": {""cezanne"": -0.018991927725027558, ""free"": -0.7897557719589551, ""generic"": -0.516958470634536, ""monet"": -0.45708817362397713}, ""template_id"": ""water_bend""}, {""interactions"": {""cezanne_minus_generic"": -0.03304760024797271, ""monet_minus_generic"": 0.1320625213445928}, ""responses"": {""cezanne"": -0.2051528560478335, ""free"": -0.47851426517706747, ""generic"": -0.1721052557998608, ""monet"": -0.040042734455268014}, ""template_id"": ""water_river""}]"
0.2981424514336388,0.18053409293569375,-0.36543210417851163,-0.27009488680209714,-0.4302842391151613,-0.13206050645915285,0.11944243498921918,0.2829538931710935,14,orientation_entropy,0.20288651527959395,-0.4158320911539535,-0.13471227447413414,-0.11760835849794507,0.09533721737641448,0.29822373265600843,0.1635114581818743,"[{""interactions"": {""cezanne_minus_generic"": -0.08621572946997313, ""monet_minus_generic"": -0.02181118242529556}, ""responses"": {""cezanne"": -0.20454060949587194, ""free"": -0.4036607749587989, ""generic"": -0.1183248800258988, ""monet"": -0.14013606245119437}, ""template_id"": ""built_houses""}, {""interactions"": {""cezanne_minus_generic"": -0.5536691536397107, ""monet_minus_generic"": -0.48609694175116097}, ""responses"": {""cezanne"": -0.11046108818045364, ""free"": -0.19706947060068056, ""generic"": 0.443208065459257, ""monet"": -0.042888876291903966}, ""template_id"": ""built_village""}, {""interactions"": {""cezanne_minus_generic"": -0.7242035199700434, ""monet_minus_generic"": -0.9774468510401448}, ""responses"": {""cezanne"": 0.11890524444978226, ""free"": 0.1218053306000173, ""generic"": 0.8431087644198256, ""monet"": -0.13433808662031918}, ""template_id"": ""land_fields""}, {""interactions"": {""cezanne_minus_generic"": -0.3014324889847825, ""monet_minus_generic"": -0.14840469138325146}, ""responses"": {""cezanne"": -0.2033937470525943, ""free"": 0.07389700927569498, ""generic"": 0.0980387419321882, ""monet"": -0.05036594945106326}, ""template_id"": ""land_garden""}, {""interactions"": {""cezanne_minus_generic"": -0.6332424235516398, ""monet_minus_generic"": -0.09138292306253998}, ""responses"": {""cezanne"": -0.20537935841923155, ""free"": 0.8242876652615669, ""generic"": 0.42786306513240835, ""monet"": 0.33648014206986837}, ""template_id"": ""water_bend""}, {""interactions"": {""cezanne_minus_generic"": -0.19622923130757153, ""monet_minus_generic"": 0.9168689428175884}, ""responses"": {""cezanne"": -0.10078059228930136, ""free"": 0.1527635446806872, ""generic"": 0.09544863901827016, ""monet"": 1.0123175818358585}, ""template_id"": ""water_river""}]"
0.5258397221941697,0.5658397923312632,-0.4485613463238942,-0.23326242066560235,-0.5526733378715678,-0.26662036189318483,-0.03816790543371312,0.1802229966720951,15,horizontal_vertical_balance,0.0707540503200911,-0.24605290584128947,-0.06766207387257475,0.0400000701370935,0.21529892565829187,0.286052975978383,0.21839090210580822,"[{""interactions"": {""cezanne_minus_generic"": -0.058950954953795515, ""monet_minus_generic"": -0.052462519057873275}, ""responses"": {""cezanne"": -0.03525122755264709, ""free"": 0.023627653699068107, ""generic"": 0.023699727401148424, ""monet"": -0.02876279165672485}, ""template_id"": ""built_houses""}, {""interactions"": {""cezanne_minus_generic"": -0.5240501349382476, ""monet_minus_generic"": -0.32266371277631783}, ""responses"": {""cezanne"": -0.14356139226206033, ""free"": 0.22314676860607455, ""generic"": 0.38048874267618726, ""monet"": 0.05782502989986943}, ""template_id"": ""built_village""}, {""interactions"": {""cezanne_minus_generic"": -0.29739792427788353, ""monet_minus_generic"": -0.6275256198913266}, ""responses"": {""cezanne"": 0.25843279500099364, ""free"": 0.10355667262641433, ""generic"": 0.5558307192788772, ""monet"": -0.07169490061244949}, ""template_id"": ""land_fields""}, {""interactions"": {""cezanne_minus_generic"": 0.009698682476078746, ""monet_minus_generic"": -0.10510103858829833}, ""responses"": {""cezanne"": 0.20195160329889705, ""free"": 0.14225295640539437, ""generic"": 0.1922529208228183, ""monet"": 0.08715188223451997}, ""template_id"": ""land_garden""}, {""interactions"": {""cezanne_minus_generic"": -0.5082987254724194, ""monet_minus_generic"": 0.0935007078718979}, ""responses"": {""cezanne"": -0.09721436251390142, ""free"": 0.6795544815300596, ""generic"": 0.4110843629585179, ""monet"": 0.5045850708304158}, ""template_id"": ""water_bend""}, {""interactions"": {""cezanne_minus_generic"": -0.0973183778814703, ""monet_minus_generic"": 0.6082797392064694}, ""responses"": {""cezanne"": 0.055643004851278655, ""free"": 0.11965502108274029, ""generic"": 0.15296138273274895, ""monet"": 0.7612411219392183}, ""template_id"": ""water_river""}]"
-0.6982938736912597,0.05291097384849589,-0.5750376396500047,1.4798081334462985,-0.7247366056634524,1.2371215697820805,0.0948263608331076,2.1091214107576275,16,gradient_median,-0.09298759765077014,-1.2106533279057774,0.052436874478986706,0.7512048475397556,2.0548457730963032,1.961858175445533,2.01429504992452,"[{""interactions"": {""cezanne_minus_generic"": -1.0484353547120517, ""monet_minus_generic"": -0.07872970074221008}, ""responses"": {""cezanne"": 0.6084333434502835, ""free"": 1.431817854871304, ""generic"": 1.6568686981623353, ""monet"": 1.5781389974201252}, ""template_id"": ""built_houses""}, {""interactions"": {""cezanne_minus_generic"": -1.2669873197816601, ""monet_minus_generic"": 0.2798691079553741}, ""responses"": {""cezanne"": 0.4749582571350168, ""free"": 1.9531937218228257, ""generic"": 1.741945576916677, ""monet"": 2.021814684872051}, ""template_id"": ""built_village""}, {""interactions"": {""cezanne_minus_generic"": -1.0237817926744377, ""monet_minus_generic"": 0.17778225818375026}, ""responses"": {""cezanne"": 0.801815273987488, ""free"": 1.9385175703714785, ""generic"": 1.8255970666619257, ""monet"": 2.003379324845676}, ""template_id"": ""land_fields""}, {""interactions"": {""cezanne_minus_generic"": -1.108063347818497, ""monet_minus_generic"": 0.13928151086740437}, ""responses"": {""cezanne"": 1.2009736926992856, ""free"": 2.606704696748921, ""generic"": 2.3090370405177825, ""monet"": 2.448318551385187}, ""template_id"": ""land_garden""}, {""interactions"": {""cezanne_minus_generic"": -1.5930153309761947, ""monet_minus_generic"": -0.33134652944789833}, ""responses"": {""cezanne"": 0.5619759452554471, ""free"": 2.2378532095208485, ""generic"": 2.154991276231642, ""monet"": 1.8236447467837436}, ""template_id"": ""water_bend""}, {""interactions"": {""cezanne_minus_generic"": -1.2236368214718243, ""monet_minus_generic"": 0.12776460005749835}, ""responses"": {""cezanne"": 0.8590725727110128, ""free"": 2.1609875852424416, ""generic"": 2.082709394182837, ""monet"": 2.2104739942403353}, ""template_id"": ""water_river""}]"
-0.6983888477885362,0.20184090738773666,-0.6923921332483548,2.1707336572335683,-0.7955442672718546,1.9214216737655987,-0.24035563583966282,1.8039237174037754,17,gradient_iqr,-0.1461598494444698,-1.8167361858611806,-0.6726865877940149,0.9002297551762728,2.863125790481923,2.7169659410374534,2.0442793532434385,"[{""interactions"": {""cezanne_minus_generic"": -1.8653409600468667, ""monet_minus_generic"": -0.7532954517029105}, ""responses"": {""cezanne"": 0.6921707006115385, ""free"": 2.353844134803389, ""generic"": 2.557511660658405, ""monet"": 1.8042162089554947}, ""template_id"": ""built_houses""}, {""interactions"": {""cezanne_minus_generic"": -2.019335899900622, ""monet_minus_generic"": -0.48950559145336436}, ""responses"": {""cezanne"": 0.6024368467279505, ""free"": 2.8255728669235607, ""generic"": 2.6217727466285723, ""monet"": 2.132267155175208}, ""template_id"": ""built_village""}, {""interactions"": {""cezanne_minus_generic"": -1.4211098570889846, ""monet_minus_generic"": -0.471286865487309}, ""responses"": {""cezanne"": 0.8928682537000149, ""free"": 2.559767799431743, ""generic"": 2.3139781107889994, ""monet"": 1.8426912453016904}, ""template_id"": ""land_fields""}, {""interactions"": {""cezanne_minus_generic"": -1.7147489355248515, ""monet_minus_generic"": -0.44598018410950546}, ""responses"": {""cezanne"": 1.4824305688388058, ""free"": 3.455954054785722, ""generic"": 3.1971795043636573, ""monet"": 2.751199320254152}, ""template_id"": ""land_garden""}, {""interactions"": {""cezanne_minus_generic"": -2.143693798312836, ""monet_minus_generic"": -1.1020232994290997}, ""responses"": {""cezanne"": 0.6788783827582641, ""free"": 2.999161759376196, ""generic"": 2.8225721810711004, ""monet"": 1.7205488816420007}, ""template_id"": ""water_bend""}, {""interactions"": {""cezanne_minus_generic"": -1.7361876642929233, ""monet_minus_generic"": -0.774028134581902}, ""responses"": {""cezanne"": 1.0525937784210624, ""free"": 2.9844541275709284, ""generic"": 2.7887814427139856, ""monet"": 2.0147533081320836}, ""template_id"": ""water_river""}]"
0.8043985112459805,1.1098226067278167,0.9403194241635718,2.123781674796303,0.529916588479283,1.7235173443632614,0.797514691925545,0.9616811640788864,18,quadrant_jsd,0.010138505251247487,-0.8881766604021423,-1.0294342837306372,0.30542409548183624,1.183462250632731,1.1936007558839785,0.16416647215334135,"[{""interactions"": {""cezanne_minus_generic"": -0.913508584827313, ""monet_minus_generic"": -0.3675261675325669}, ""responses"": {""cezanne"": -0.1644765180566739, ""free"": 0.8454546947953892, ""generic"": 0.7490320667706392, ""monet"": 0.38150589923807227}, ""template_id"": ""built_houses""}, {""interactions"": {""cezanne_minus_generic"": -0.33758357725738863, ""monet_minus_generic"": -0.30296153097001544}, ""responses"": {""cezanne"": -0.09858745863510995, ""free"": 0.1735146148039028, ""generic"": 0.23899611862227865, ""monet"": -0.06396541234773678}, ""template_id"": ""built_village""}, {""interactions"": {""cezanne_minus_generic"": 0.41538971642455413, ""monet_minus_generic"": -0.6174637783115624}, ""responses"": {""cezanne"": 1.1208357520408498, ""free"": 0.023746244717649634, ""generic"": 0.7054460356162957, ""monet"": 0.0879822573047333}, ""template_id"": ""land_fields""}, {""interactions"": {""cezanne_minus_generic"": 0.02456531190409683, ""monet_minus_generic"": -0.22710966215159278}, ""responses"": {""cezanne"": 0.21830218101295784, ""free"": 0.29975398269255144, ""generic"": 0.193736869108861, ""monet"": -0.033372793042731774}, ""template_id"": ""land_garden""}, {""interactions"": {""cezanne_minus_generic"": -2.890194154984338, ""monet_minus_generic"": -3.656950148082345}, ""responses"": {""cezanne"": 0.15724588804968542, ""free"": 3.2312587167739886, ""generic"": 3.0474400430340234, ""monet"": -0.6095101050483218}, ""template_id"": ""water_bend""}, {""interactions"": {""cezanne_minus_generic"": -1.6277286736724652, ""monet_minus_generic"": -1.004594415335741}, ""responses"": {""cezanne"": 0.599224728479308, ""free"": 2.527045250012904, ""generic"": 2.226953402151773, ""monet"": 1.2223589868160323}, ""template_id"": ""water_river""}]"
-1.096524489874739,-0.03777124081221392,-0.8567644966121305,1.2295033834517282,-1.0418481563427167,1.082004607795133,-0.4238776904197709,0.9771350517388494,19,wavelet_energy_1,0.03758488407399119,-1.0650995150753246,-0.7228400219792295,1.058753249062525,2.0862678800638585,2.1238527641378497,1.4010127421586203,"[{""interactions"": {""cezanne_minus_generic"": -1.1227925646973211, ""monet_minus_generic"": -0.8638549231726522}, ""responses"": {""cezanne"": 1.1287870880518558, ""free"": 2.138096015730526, ""generic"": 2.251579652749177, ""monet"": 1.3877247295765247}, ""template_id"": ""built_houses""}, {""interactions"": {""cezanne_minus_generic"": -1.1799521846110865, ""monet_minus_generic"": -0.45777693704664224}, ""responses"": {""cezanne"": 0.7420628149181427, ""free"": 1.928359624923221, ""generic"": 1.9220149995292293, ""monet"": 1.464238062482587}, ""template_id"": ""built_village""}, {""interactions"": {""cezanne_minus_generic"": -1.0771733602250462, ""monet_minus_generic"": -0.7388343571064904}, ""responses"": {""cezanne"": 1.1783519780761973, ""free"": 2.272496701107621, ""generic"": 2.2555253383012435, ""monet"": 1.516690981194753}, ""template_id"": ""land_fields""}, {""interactions"": {""cezanne_minus_generic"": -0.6877566815803804, ""monet_minus_generic"": -0.4249120007189606}, ""responses"": {""cezanne"": 1.1952546127543877, ""free"": 1.7522026578935845, ""generic"": 1.883011294334768, ""monet"": 1.4580992936158075}, ""template_id"": ""land_garden""}, {""interactions"": {""cezanne_minus_generic"": -1.2392387862178202, ""monet_minus_generic"": -0.9093800739714957}, ""responses"": {""cezanne"": 0.8944623477985265, ""free"": 2.2111365864936876, ""generic"": 2.1337011340163468, ""monet"": 1.224321060044851}, ""template_id"": ""water_bend""}, {""interactions"": {""cezanne_minus_generic"": -1.0836835131202913, ""monet_minus_generic"": -0.942281839859135}, ""responses"": {""cezanne"": 1.2136006527760412, ""free"": 2.2153156942345102, ""generic"": 2.2972841658963326, ""monet"": 1.3550023260371975}, ""template_id"": ""water_river""}]"
-1.0337594993414034,0.14044784231914034,-1.0454580853303341,1.2330496583776405,-1.1580437009476423,1.110998672648113,-0.44326077069743647,1.1026603362268588,20,wavelet_energy_2,-0.009465370112219595,-1.0948350319352111,-0.7231212666714597,1.1742073416605439,2.2785077437079746,2.269042373595755,1.5459211069242953,"[{""interactions"": {""cezanne_minus_generic"": -1.2257386062755977, ""monet_minus_generic"": -0.8914030822604251}, ""responses"": {""cezanne"": 1.2208085455529172, ""free"": 2.3319380341993923, ""generic"": 2.446547151828515, ""monet"": 1.5551440695680898}, ""template_id"": ""built_houses""}, {""interactions"": {""cezanne_minus_generic"": -1.2247089076010877, ""monet_minus_generic"": -0.5120558359038871}, ""responses"": {""cezanne"": 0.8513831539144966, ""free"": 2.191444011538991, ""generic"": 2.0760920615155842, ""monet"": 1.564036225611697}, ""template_id"": ""built_village""}, {""interactions"": {""cezanne_minus_generic"": -1.0866899587156602, ""monet_minus_generic"": -0.8137612766274993}, ""responses"": {""cezanne"": 1.388407428975827, ""free"": 2.494456428433838, ""generic"": 2.4750973876914872, ""monet"": 1.661336111063988}, ""template_id"": ""land_fields""}, {""interactions"": {""cezanne_minus_generic"": -0.7653778923967562, ""monet_minus_generic"": -0.4049023917589363}, ""responses"": {""cezanne"": 1.2373204313479509, ""free"": 1.9068532470563482, ""generic"": 2.002698323744707, ""monet"": 1.5977959319857709}, ""template_id"": ""land_garden""}, {""interactions"": {""cezanne_minus_generic"": -1.2744431777293173, ""monet_minus_generic"": -0.9787586093491187}, ""responses"": {""cezanne"": 1.0400152087321644, ""free"": 2.412657573025112, ""generic"": 2.3144583864614816, ""monet"": 1.3356997771123629}, ""template_id"": ""water_bend""}, {""interactions"": {""cezanne_minus_generic"": -0.9920516488928508, ""monet_minus_generic"": -0.737846404128895}, ""responses"": {""cezanne"": 1.3073092814399059, ""free"": 2.333697167994168, ""generic"": 2.2993609303327567, ""monet"": 1.5615145262038617}, ""template_id"": ""water_river""}]"
-1.0715398862665362,0.20099496911435868,-1.2552428315752573,1.0483029643937918,-1.3119185628494552,0.9132361521312645,-0.6453283437806351,0.9492305560836277,21,wavelet_energy_3,-0.07839108098832925,-0.952619859599825,-0.630595815116457,1.2725348553808948,2.303545795969049,2.22515471498072,1.5945588998642628,"[{""interactions"": {""cezanne_minus_generic"": -1.040607995742034, ""monet_minus_generic"": -0.9209023224279882}, ""responses"": {""cezanne"": 1.4308113163048517, ""free"": 2.3151964028149994, ""generic"": 2.4714193120468857, ""monet"": 1.5505169896188975}, ""template_id"": ""built_houses""}, {""interactions"": {""cezanne_minus_generic"": -1.1116548452456991, ""monet_minus_generic"": -0.4482587329025196}, ""responses"": {""cezanne"": 0.9657298534820684, ""free"": 2.286316604366169, ""generic"": 2.0773846987277675, ""monet"": 1.629125965825248}, ""template_id"": ""built_village""}, {""interactions"": {""cezanne_minus_generic"": -0.9293797666742423, ""monet_minus_generic"": -0.7523077239910447}, ""responses"": {""cezanne"": 1.498317598992191, ""free"": 2.5078991479189536, ""generic"": 2.4276973656664333, ""monet"": 1.6753896416753886}, ""template_id"": ""land_fields""}, {""interactions"": {""cezanne_minus_generic"": -0.7410851189731584, ""monet_minus_generic"": -0.40304701852341696}, ""responses"": {""cezanne"": 1.2317688303065526, ""free"": 2.037135614846977, ""generic"": 1.972853949279711, ""monet"": 1.569806930756294}, ""template_id"": ""land_garden""}, {""interactions"": {""cezanne_minus_generic"": -1.0420113123368655, ""monet_minus_generic"": -0.7574082982582371}, ""responses"": {""cezanne"": 1.1964187634789056, ""free"": 2.435555382818592, ""generic"": 2.238430075815771, ""monet"": 1.481021777557534}, ""template_id"": ""water_bend""}, {""interactions"": {""cezanne_minus_generic"": -0.850980118626949, ""monet_minus_generic"": -0.501650794595534}, ""responses"": {""cezanne"": 1.3121627697208003, ""free"": 2.239171623048602, ""generic"": 2.1631428883477493, ""monet"": 1.6614920937522153}, ""template_id"": ""water_river""}]"
-1.0985241508287025,0.30219608575368206,-1.4456070086987196,0.9005071951995735,-1.462686848348478,0.6847327433690777,-1.0802814484927419,0.5626770862077124,22,wavelet_energy_4,-0.19869461218073692,-0.7466993551351715,-0.5044610570171018,1.4007202365823845,2.346114203898293,2.147419591717556,1.6429585347004543,"[{""interactions"": {""cezanne_minus_generic"": -0.7204474785675985, ""monet_minus_generic"": -1.0204944193713201}, ""responses"": {""cezanne"": 1.7004520658072617, ""free"": 2.375009621492992, ""generic"": 2.42089954437486, ""monet"": 1.40040512500354}, ""template_id"": ""built_houses""}, {""interactions"": {""cezanne_minus_generic"": -0.941567287526528, ""monet_minus_generic"": -0.24649444217971928}, ""responses"": {""cezanne"": 1.0578543443263162, ""free"": 2.354122787030958, ""generic"": 1.9994216318528442, ""monet"": 1.7529271896731249}, ""template_id"": ""built_village""}, {""interactions"": {""cezanne_minus_generic"": -0.7944449986407411, ""monet_minus_generic"": -0.658566837103892}, ""responses"": {""cezanne"": 1.5946058846567182, ""free"": 2.509169318986711, ""generic"": 2.3890508832974593, ""monet"": 1.7304840461935673}, ""template_id"": ""land_fields""}, {""interactions"": {""cezanne_minus_generic"": -0.5805537964085461, ""monet_minus_generic"": -0.24225296045999523}, ""responses"": {""cezanne"": 1.3347591168089339, ""free"": 2.21101082360654, ""generic"": 1.91531291321748, ""monet"": 1.6730599527574848}, ""template_id"": ""land_garden""}, {""interactions"": {""cezanne_minus_generic"": -0.749032756291427, ""monet_minus_generic"": -0.5101547293420889}, ""responses"": {""cezanne"": 1.3332046410907346, ""free"": 2.481890603772337, ""generic"": 2.0822373973821615, ""monet"": 1.5720826680400726}, ""template_id"": ""water_bend""}, {""interactions"": {""cezanne_minus_generic"": -0.6941498133761883, ""monet_minus_generic"": -0.3488029536455943}, ""responses"": {""cezanne"": 1.3834453668043423, ""free"": 2.145482068500222, ""generic"": 2.0775951801805306, ""monet"": 1.7287922265349362}, ""template_id"": ""water_river""}]"
0.1201282698846947,0.3379999402801044,-0.5010844060368784,-0.5056771575907373,-0.30706062962516223,-0.554604840399115,-0.6118881389057923,-0.5428239951440833,23,wavelet_slope,-0.24295145922009387,0.4654158811693624,0.3166083545356617,0.21787167039540967,-0.004592751553858854,-0.24754421077395272,0.069064143761709,"[{""interactions"": {""cezanne_minus_generic"": 0.5632310032598962, ""monet_minus_generic"": -0.049216866377115476}, ""responses"": {""cezanne"": 0.45630028077053203, ""free"": -0.04572609398982369, ""generic"": -0.10693072248936414, ""monet"": -0.15614758886647961}, ""template_id"": ""built_houses""}, {""interactions"": {""cezanne_minus_generic"": 0.3964611338204226, ""monet_minus_generic"": 0.2687608858502972}, ""responses"": {""cezanne"": 0.23731522768899527, ""free"": 0.18895225015897665, ""generic"": -0.15914590613142732, ""monet"": 0.10961497971886991}, ""template_id"": ""built_village""}, {""interactions"": {""cezanne_minus_generic"": 0.43942511531488443, ""monet_minus_generic"": 0.1822388651443136}, ""responses"": {""cezanne"": 0.27513259848918514, ""free"": -0.05190035772830193, ""generic"": -0.1642925168256993, ""monet"": 0.017946348318614302}, ""template_id"": ""land_fields""}, {""interactions"": {""cezanne_minus_generic"": 0.1881880064692787, ""monet_minus_generic"": 0.21793907811784063}, ""responses"": {""cezanne"": -0.01784534017903494, ""free"": 0.2520490674463285, ""generic"": -0.20603334664831363, ""monet"": 0.011905731469527003}, ""template_id"": ""land_garden""}, {""interactions"": {""cezanne_minus_generic"": 0.6731176485262986, ""monet_minus_generic"": 0.5470006904204279}, ""responses"": {""cezanne"": 0.3452291491717259, ""free"": -0.010322126353951466, ""generic"": -0.32788849935457276, ""monet"": 0.2191121910658551}, ""template_id"": ""water_bend""}, {""interactions"": {""cezanne_minus_generic"": 0.5320723796253936, ""monet_minus_generic"": 0.7329274740582062}, ""responses"": {""cezanne"": 0.011098106431054605, ""free"": -0.3606092488563809, ""generic"": -0.520974273194339, ""monet"": 0.21195320086386726}, ""template_id"": ""water_river""}]"
0.24191337411959038,-0.014257425248215,0.5781135445674995,-0.285058331624884,0.483842252208118,-0.5208669347285109,-0.5851568089557869,-1.1712946957550423,24,wavelet_curvature,-0.14153731074424547,0.7485383875688235,0.41857130013737354,-0.2561707993678054,-0.8631718761923834,-1.004709186936629,-0.5861378867992554,"[{""interactions"": {""cezanne_minus_generic"": 1.2352929668275727, ""monet_minus_generic"": 0.014544641466806674}, ""responses"": {""cezanne"": 0.10931207936183016, ""free"": -0.8258435210422101, ""generic"": -1.1259808874657427, ""monet"": -1.111436245998936}, ""template_id"": ""built_houses""}, {""interactions"": {""cezanne_minus_generic"": 0.7356911600971264, ""monet_minus_generic"": 0.7131354786974373}, ""responses"": {""cezanne"": -0.2680766834306344, ""free"": -0.9958109572151557, ""generic"": -1.0037678435277608, ""monet"": -0.2906323648303235}, ""template_id"": ""built_village""}, {""interactions"": {""cezanne_minus_generic"": 0.518106412481253, ""monet_minus_generic"": 0.5686583439680277}, ""responses"": {""cezanne"": -0.6333193631942785, ""free"": -1.081327826488098, ""generic"": -1.1514257756755315, ""monet"": -0.5827674317075038}, ""template_id"": ""land_fields""}, {""interactions"": {""cezanne_minus_generic"": 0.7362325427011829, ""monet_minus_generic"": 0.4085113238214183}, ""responses"": {""cezanne"": -0.10330599301380768, ""free"": -0.40169505175540726, ""generic"": -0.8395385357149906, ""monet"": -0.4310272118935723}, ""template_id"": ""land_garden""}, {""interactions"": {""cezanne_minus_generic"": 0.9837316392877529, ""monet_minus_generic"": 0.9128422321772233}, ""responses"": {""cezanne"": -0.30614702977883845, ""free"": -0.9045279339702972, ""generic"": -1.2898786690665913, ""monet"": -0.37703643688936805}, ""template_id"": ""water_bend""}, {""interactions"": {""cezanne_minus_generic"": 0.2821756040180524, ""monet_minus_generic"": -0.10626421930667218}, ""responses"": {""cezanne"": -0.3354878061511035, ""free"": -0.9698259666831321, ""generic"": -0.6176634101691559, ""monet"": -0.7239276294758281}, ""template_id"": ""water_river""}]"
0.16435404017867566,0.27001145726788195,-0.24939498787581169,0.2276600593195319,-0.035599098386745034,0.4233398027132362,0.5660450002862153,0.612673821413631,25,lbp_entropy_8,-0.018116146095362384,-0.3532814840107749,-0.41231007997256547,0.10565741708920628,0.4770550471953436,0.4589389010999812,0.04662882112741573,"[{""interactions"": {""cezanne_minus_generic"": -0.37124179337524343, ""monet_minus_generic"": -0.18593452526828524}, ""responses"": {""cezanne"": 0.14446842574683472, ""free"": 0.45590670684433743, ""generic"": 0.5157102191220782, ""monet"": 0.3297756938537929}, ""template_id"": ""built_houses""}, {""interactions"": {""cezanne_minus_generic"": -0.09995386148845042, ""monet_minus_generic"": 0.014653008513228205}, ""responses"": {""cezanne"": -0.036243324754320405, ""free"": 0.3401188264591002, ""generic"": 0.06371053673413002, ""monet"": 0.07836354524735822}, ""template_id"": ""built_village""}, {""interactions"": {""cezanne_minus_generic"": -0.5694057799229557, ""monet_minus_generic"": -0.5922692363497538}, ""responses"": {""cezanne"": 0.2996088107559586, ""free"": 1.0226492102726752, ""generic"": 0.8690145906789143, ""monet"": 0.2767453543291605}, ""template_id"": ""land_fields""}, {""interactions"": {""cezanne_minus_generic"": 0.029515966834890883, ""monet_minus_generic"": -0.24692195830099095}, ""responses"": {""cezanne"": 0.022960599034228646, ""free"": 0.0850973016180474, ""generic"": -0.006555367800662237, ""monet"": -0.2534773261016532}, ""template_id"": ""land_garden""}, {""interactions"": {""cezanne_minus_generic"": -0.7927498461347064, ""monet_minus_generic"": -0.8586925875283724}, ""responses"": {""cezanne"": 0.05702634838401971, ""free"": 0.5508542317657523, ""generic"": 0.8497761945187261, ""monet"": -0.008916393009646306}, ""template_id"": ""water_bend""}, {""interactions"": {""cezanne_minus_generic"": -0.31585358997818425, ""monet_minus_generic"": -0.6046951809012189}, ""responses"": {""cezanne"": 0.14612364336851655, ""free"": 0.4077040062121489, ""generic"": 0.46197723334670077, ""monet"": -0.1427179475545181}, ""template_id"": ""water_river""}]"
0.08336681928518713,0.5610259362026279,-0.7045058878557247,0.16883821487979825,-0.4135028976999582,0.3598788820905558,-0.050865342080409805,0.5897967207585119,26,lbp_entropy_16,-0.09996232294500884,-0.2957226628730733,-0.13271971695159235,0.47765911691744073,0.8733441027355229,0.773381779790514,0.6406620628389217,"[{""interactions"": {""cezanne_minus_generic"": -0.5703264098435371, ""monet_minus_generic"": -0.33983345575700064}, ""responses"": {""cezanne"": 0.4587648302113342, ""free"": 1.1366227480605864, ""generic"": 1.0290912400548713, ""monet"": 0.6892577842978707}, ""template_id"": ""built_houses""}, {""interactions"": {""cezanne_minus_generic"": -0.5236851523706132, ""monet_minus_generic"": -0.2809241970882651}, ""responses"": {""cezanne"": 0.28654192608220624, ""free"": 0.997206463687345, ""generic"": 0.8102270784528195, ""monet"": 0.5293028813645544}, ""template_id"": ""built_village""}, {""interactions"": {""cezanne_minus_generic"": -0.1323000246378826, ""monet_minus_generic"": -0.15095222121479823}, ""responses"": {""cezanne"": 0.7620406192993382, ""free"": 1.0297130457489756, ""generic"": 0.8943406439372208, ""monet"": 0.7433884227224226}, ""template_id"": ""land_fields""}, {""interactions"": {""cezanne_minus_generic"": -0.34960029295761186, ""monet_minus_generic"": -0.11425843884752185}, ""responses"": {""cezanne"": 0.21721676549910152, ""free"": 0.4894973670233648, ""generic"": 0.5668170584567134, ""monet"": 0.4525586196091915}, ""template_id"": ""land_garden""}, {""interactions"": {""cezanne_minus_generic"": -0.429298345147583, ""monet_minus_generic"": -0.47884287617088583}, ""responses"": {""cezanne"": 0.580194658054105, ""free"": 0.9805929597564147, ""generic"": 1.009493003201688, ""monet"": 0.5306501270308022}, ""template_id"": ""water_bend""}, {""interactions"": {""cezanne_minus_generic"": 0.23087424771878878, ""monet_minus_generic"": 0.5684928873689188}, ""responses"": {""cezanne"": 0.5611959023585592, ""free"": 0.6064320321364507, ""generic"": 0.3303216546397704, ""monet"": 0.8988145420086893}, ""template_id"": ""water_river""}]"
0.09572893358303164,0.6011084289314786,-0.6611997441554328,-0.004072277089295954,-0.4678682395290827,0.10930183793297561,-0.4119545359216319,0.08166240148921072,27,lbp_entropy_32,-0.07995738960407861,-0.07179058211361133,-0.08355314005121567,0.505379495348447,0.6571274670661369,0.5771700774620583,0.4936169374108426,"[{""interactions"": {""cezanne_minus_generic"": -0.2753309189365287, ""monet_minus_generic"": -0.4480313818203914}, ""responses"": {""cezanne"": 0.650087642108951, ""free"": 0.9040950361739735, ""generic"": 0.9254185610454797, ""monet"": 0.47738717922508833}, ""template_id"": ""built_houses""}, {""interactions"": {""cezanne_minus_generic"": -0.27646493468069705, ""monet_minus_generic"": -0.21868451964626406}, ""responses"": {""cezanne"": 0.3837735986003961, ""free"": 0.7654593855386433, ""generic"": 0.6602385332810932, ""monet"": 0.4415540136348291}, ""template_id"": ""built_village""}, {""interactions"": {""cezanne_minus_generic"": 0.10932994946546526, ""monet_minus_generic"": -0.07679942704762288}, ""responses"": {""cezanne"": 0.7280958368728574, ""free"": 0.7885091091628333, ""generic"": 0.6187658874073921, ""monet"": 0.5419664603597693}, ""template_id"": ""land_fields""}, {""interactions"": {""cezanne_minus_generic"": -0.3222180521541179, ""monet_minus_generic"": -0.14811088838304542}, ""responses"": {""cezanne"": 0.14313149599593034, ""free"": 0.47959669058984755, ""generic"": 0.46534954815004825, ""monet"": 0.31723865976700283}, ""template_id"": ""land_garden""}, {""interactions"": {""cezanne_minus_generic"": 0.07168785304396696, ""monet_minus_generic"": -0.07601561747182894}, ""responses"": {""cezanne"": 0.6881275139536256, ""free"": 0.6621498463647096, ""generic"": 0.6164396609096586, ""monet"": 0.5404240434378297}, ""template_id"": ""water_bend""}, {""interactions"": {""cezanne_minus_generic"": 0.2622526105802436, ""monet_minus_generic"": 0.46632299406185856}, ""responses"": {""cezanne"": 0.43906088455892167, ""free"": 0.342954734566814, ""generic"": 0.1768082739786781, ""monet"": 0.6431312680405367}, ""template_id"": ""water_river""}]"
-0.29064801307950855,0.1815621682013718,0.07539513323496892,1.3147089328707346,0.03832566926962916,1.3239174284329382,-0.17022859692845463,0.8191327979642536,28,local_cv_01,0.04627795952754332,-0.8133815778824287,-0.2962303642706008,0.4722101812808803,1.2393137996357657,1.285591759163309,0.9893613948927082,"[{""interactions"": {""cezanne_minus_generic"": -1.1950333510020212, ""monet_minus_generic"": -0.409760742443968}, ""responses"": {""cezanne"": 0.4268351170092213, ""free"": 1.263177663464082, ""generic"": 1.6218684680112425, ""monet"": 1.2121077255672745}, ""template_id"": ""built_houses""}, {""interactions"": {""cezanne_minus_generic"": -0.9243266807227547, ""monet_minus_generic"": -0.1941455792440887}, ""responses"": {""cezanne"": 0.23880576925791186, ""free"": 1.0417062824510086, ""generic"": 1.1631324499806666, ""monet"": 0.9689868707365779}, ""template_id"": ""built_village""}, {""interactions"": {""cezanne_minus_generic"": -0.5243886990934475, ""monet_minus_generic"": 0.09254460161507438}, ""responses"": {""cezanne"": 0.3743106450161816, ""free"": 0.9076532741291541, ""generic"": 0.8986993441096292, ""monet"": 0.9912439457247035}, ""template_id"": ""land_fields""}, {""interactions"": {""cezanne_minus_generic"": -0.6651932234273743, ""monet_minus_generic"": -0.26960771389453364}, ""responses"": {""cezanne"": 0.7265272940685115, ""free"": 1.302492325597319, ""generic"": 1.3917205174958858, ""monet"": 1.1221128036013521}, ""template_id"": ""land_garden""}, {""interactions"": {""cezanne_minus_generic"": -0.8751949468596385, ""monet_minus_generic"": -0.47872226421837216}, ""responses"": {""cezanne"": 0.404561556176581, ""free"": 1.4397698791635158, ""generic"": 1.2797565030362195, ""monet"": 0.8010342388178473}, ""template_id"": ""water_bend""}, {""interactions"": {""cezanne_minus_generic"": -0.6961525661893371, ""monet_minus_generic"": -0.5176904874377166}, ""responses"": {""cezanne"": 0.6622207061568748, ""free"": 1.4810833730095134, ""generic"": 1.3583732723462119, ""monet"": 0.8406827849084952}, ""template_id"": ""water_river""}]"
-0.26580640340594885,0.3666631082992033,-0.1814505557294954,1.1212668733845665,-0.16744365135679717,1.1071943815885896,-0.49807641208686726,0.444165183192111,29,local_cv_04,-0.028079396168675164,-0.6421685212402346,-0.3323964376664086,0.6324695117051522,1.302717429114062,1.2746380329453868,0.9422415952789782,"[{""interactions"": {""cezanne_minus_generic"": -0.9594477068921814, ""monet_minus_generic"": -0.5738899537827038}, ""responses"": {""cezanne"": 0.7874059620983005, ""free"": 1.4987067830971967, ""generic"": 1.746853668990482, ""monet"": 1.172963715207778}, ""template_id"": ""built_houses""}, {""interactions"": {""cezanne_minus_generic"": -0.7318857902045459, ""monet_minus_generic"": -0.19631207042576793}, ""responses"": {""cezanne"": 0.41774164321829627, ""free"": 1.1246511180101257, ""generic"": 1.1496274334228422, ""monet"": 0.9533153629970743}, ""template_id"": ""built_village""}, {""interactions"": {""cezanne_minus_generic"": -0.4536107476657515, ""monet_minus_generic"": -0.03619072960043079}, ""responses"": {""cezanne"": 0.5373437689914675, ""free"": 0.9827170012828563, ""generic"": 0.990954516657219, ""monet"": 0.9547637870567882}, ""template_id"": ""land_fields""}, {""interactions"": {""cezanne_minus_generic"": -0.5345797421543563, ""monet_minus_generic"": -0.20853565213972658}, ""responses"": {""cezanne"": 0.7173816179352464, ""free"": 1.2120313615018772, ""generic"": 1.2519613600896027, ""monet"": 1.043425707949876}, ""template_id"": ""land_garden""}, {""interactions"": {""cezanne_minus_generic"": -0.6642307512297614, ""monet_minus_generic"": -0.5136187094377609}, ""responses"": {""cezanne"": 0.6109941405773289, ""free"": 1.5126388317271533, ""generic"": 1.2752248918070903, ""monet"": 0.7616061823693294}, ""template_id"": ""water_bend""}, {""interactions"": {""cezanne_minus_generic"": -0.5092563892948125, ""monet_minus_generic"": -0.4658315106120622}, ""responses"": {""cezanne"": 0.7239499374102731, ""free"": 1.4855594790651632, ""generic"": 1.2332063267050857, ""monet"": 0.7673748160930235}, ""template_id"": ""water_river""}]"
-0.34455370778343436,0.21955421756646495,-0.2028709887185857,0.8478376288517412,-0.1256916522147508,0.8618673997690274,-0.6959607862871869,0.0854941507371972,30,local_cv_16,-0.06314956558654872,-0.42345112663387885,-0.20610411495939396,0.5641079253498993,1.0507086175703269,0.9875590519837781,0.7814549370243842,"[{""interactions"": {""cezanne_minus_generic"": -0.7826781259782468, ""monet_minus_generic"": -0.4815933424144989}, ""responses"": {""cezanne"": 0.712257962503999, ""free"": 1.3319853597524016, ""generic"": 1.4949360884822458, ""monet"": 1.0133427460677469}, ""template_id"": ""built_houses""}, {""interactions"": {""cezanne_minus_generic"": -0.5273120093719157, ""monet_minus_generic"": -0.04243699446337179}, ""responses"": {""cezanne"": 0.36706764670777775, ""free"": 0.9566087145046067, ""generic"": 0.8943796560796934, ""monet"": 0.8519426616163216}, ""template_id"": ""built_village""}, {""interactions"": {""cezanne_minus_generic"": -0.30940850037388024, ""monet_minus_generic"": 0.03684464987132674}, ""responses"": {""cezanne"": 0.5833489938741458, ""free"": 0.9898048761771883, ""generic"": 0.8927574942480261, ""monet"": 0.9296021441193528}, ""template_id"": ""land_fields""}, {""interactions"": {""cezanne_minus_generic"": -0.39600582331229606, ""monet_minus_generic"": -0.09667510279793434}, ""responses"": {""cezanne"": 0.5347897663476319, ""free"": 0.8988105164776488, ""generic"": 0.9307955896599279, ""monet"": 0.8341204868619936}, ""template_id"": ""land_garden""}, {""interactions"": {""cezanne_minus_generic"": -0.26552502373212394, ""monet_minus_generic"": -0.25260733721090556}, ""responses"": {""cezanne"": 0.584238262430489, ""free"": 1.1205911334422052, ""generic"": 0.849763286162613, ""monet"": 0.5971559489517074}, ""template_id"": ""water_bend""}, {""interactions"": {""cezanne_minus_generic"": -0.2597772770348111, ""monet_minus_generic"": -0.4001565627409801}, ""responses"": {""cezanne"": 0.6029449202353518, ""free"": 1.006451105067911, ""generic"": 0.862722197270163, ""monet"": 0.46256563452918287}, ""template_id"": ""water_river""}]"
