allocated,arm,complete,generated_mass_in_reference_central80,generated_summary.maximum,generated_summary.minimum,generated_summary.n,generated_summary.quantiles_10_50_90,generated_summary.weighted_mean,generated_weighting,measured,painter_id,pipeline,polarity,reference_mass_in_generated_central80,reference_weighting,status,wasserstein_1
24,free,True,0.9166666666666666,0.21574941516030924,-0.6965008146529512,24,"[-0.5197493301060635, -0.14963858042835576, 0.20305905611320632]",-0.13720309410796175,"equal broad classes and, for mixture, equal polarity within class",24,claude_monet,primary512,muted,0.5,empirical_reference_mixture,descriptive_complete,0.5385152607905475
24,free,True,0.0,5.261165869429928,2.429986631061882,24,"[2.638712727844793, 3.181438241944075, 4.430884618086548]",3.3513770150363853,"equal broad classes and, for mixture, equal polarity within class",24,claude_monet,primary512,vivid,0.05263157894736843,empirical_reference_mixture,descriptive_complete,2.982359690678993
48,free,True,0.45833333333333337,5.261165869429928,-0.6965008146529512,48,"[-0.4391273527268718, 2.429986631061882, 3.805352137369989]",1.607086960464212,"equal broad classes and, for mixture, equal polarity within class",48,claude_monet,primary512,equal_polarity_mixture,0.8421052631578948,empirical_reference_mixture,descriptive_complete,1.2380696361068215
24,generic,True,1.0,0.6064934190292528,-0.31005659869438273,24,"[-0.22158286745883957, 0.031051052322636153, 0.584350456680049]",0.08477703382601791,"equal broad classes and, for mixture, equal polarity within class",24,claude_monet,primary512,muted,0.44736842105263164,empirical_reference_mixture,descriptive_complete,0.49439396058870244
24,generic,True,0.0,4.60661243619623,1.6869923347961422,24,"[1.8483706337626635, 2.481415067359263, 4.007340129638913]",2.720307423206948,"equal broad classes and, for mixture, equal polarity within class",24,claude_monet,primary512,vivid,0.05263157894736843,empirical_reference_mixture,descriptive_complete,2.3512900988495558
48,generic,True,0.5000000000000001,4.60661243619623,-0.31005659869438273,48,"[-0.14956267217143993, 1.6869923347961422, 3.5305638719388956]",1.4025422285164832,"equal broad classes and, for mixture, equal polarity within class",48,claude_monet,primary512,equal_polarity_mixture,0.6052631578947368,empirical_reference_mixture,descriptive_complete,1.0335249041590922
24,monet,True,0.29166666666666663,0.09096902571649833,-1.0082911460925077,24,"[-0.9818134988478346, -0.6285587946062804, -0.3318005752257056]",-0.6425505358978265,"equal broad classes and, for mixture, equal polarity within class",24,claude_monet,primary512,muted,0.21052631578947373,empirical_reference_mixture,descriptive_complete,1.0134220518518406
24,monet,True,0.4583333333333333,2.5604107178470232,0.9991241666198464,24,"[1.1822658698324073, 1.6007481548215887, 2.3922362126585504]",1.7086121383278847,"equal broad classes and, for mixture, equal polarity within class",24,claude_monet,primary512,vivid,0.10526315789473686,empirical_reference_mixture,descriptive_complete,1.4699768320923186
48,monet,True,0.37500000000000006,2.5604107178470232,-1.0082911460925077,48,"[-0.8851588878487218, 0.9991241666198464, 2.1459395841976354]",0.5330308012150292,"equal broad classes and, for mixture, equal polarity within class",48,claude_monet,primary512,equal_polarity_mixture,0.8947368421052632,empirical_reference_mixture,descriptive_complete,0.6197835597970135
24,cezanne,True,0.8333333333333333,0.1909284610946827,-0.7443333573452824,24,"[-0.6799053081894243, -0.21493672902819005, 0.12713113213476845]",-0.23414153195205928,"equal broad classes and, for mixture, equal polarity within class",24,claude_monet,primary512,muted,0.5526315789473685,empirical_reference_mixture,descriptive_complete,0.6291521730646779
24,cezanne,True,0.125,3.9536860941465215,1.382748606240126,24,"[1.572935630763701, 2.2298220709704726, 3.606557623722383]",2.3836679305515984,"equal broad classes and, for mixture, equal polarity within class",24,claude_monet,primary512,vivid,0.05263157894736843,empirical_reference_mixture,descriptive_complete,2.014650606194206
48,cezanne,True,0.4791666666666667,3.9536860941465215,-0.7443333573452824,48,"[-0.5185221929141297, 1.382748606240126, 2.80442502027542]",1.0747631992997697,"equal broad classes and, for mixture, equal polarity within class",48,claude_monet,primary512,equal_polarity_mixture,0.8421052631578948,empirical_reference_mixture,descriptive_complete,0.7181573444637858
24,free,True,0.9166666666666666,0.21574941516030924,-0.6965008146529512,24,"[-0.5197493301060635, -0.14963858042835576, 0.20305905611320632]",-0.13720309410796175,"equal broad classes and, for mixture, equal polarity within class",24,claude_monet,primary512,muted,0.4658119658119659,equal_broad_class,descriptive_complete,0.5020597559871993
24,free,True,0.0,5.261165869429928,2.429986631061882,24,"[2.638712727844793, 3.181438241944075, 4.430884618086548]",3.3513770150363853,"equal broad classes and, for mixture, equal polarity within class",24,claude_monet,primary512,vivid,0.04151404151404152,equal_broad_class,descriptive_complete,3.0193761167025586
48,free,True,0.45833333333333337,5.261165869429928,-0.6965008146529512,48,"[-0.4391273527268718, 2.429986631061882, 3.805352137369989]",1.607086960464212,"equal broad classes and, for mixture, equal polarity within class",48,claude_monet,primary512,equal_polarity_mixture,0.8373015873015874,equal_broad_class,descriptive_complete,1.276758636287588
24,generic,True,1.0,0.6064934190292528,-0.31005659869438273,24,"[-0.22158286745883957, 0.031051052322636153, 0.584350456680049]",0.08477703382601791,"equal broad classes and, for mixture, equal polarity within class",24,claude_monet,primary512,muted,0.3763736263736264,equal_broad_class,descriptive_complete,0.48583461659460153
24,generic,True,0.0,4.60661243619623,1.6869923347961422,24,"[1.8483706337626635, 2.481415067359263, 4.007340129638913]",2.720307423206948,"equal broad classes and, for mixture, equal polarity within class",24,claude_monet,primary512,vivid,0.04151404151404152,equal_broad_class,descriptive_complete,2.388306524873121
48,generic,True,0.5000000000000001,4.60661243619623,-0.31005659869438273,48,"[-0.14956267217143993, 1.6869923347961422, 3.5305638719388956]",1.4025422285164832,"equal broad classes and, for mixture, equal polarity within class",48,claude_monet,primary512,equal_polarity_mixture,0.6074481074481075,equal_broad_class,descriptive_complete,1.0705413301826576
24,monet,True,0.29166666666666663,0.09096902571649833,-1.0082911460925077,24,"[-0.9818134988478346, -0.6285587946062804, -0.3318005752257056]",-0.6425505358978265,"equal broad classes and, for mixture, equal polarity within class",24,claude_monet,primary512,muted,0.2716727716727717,equal_broad_class,descriptive_complete,0.9756698355121555
24,monet,True,0.3333333333333333,2.5604107178470232,0.9991241666198464,24,"[1.1822658698324073, 1.6007481548215887, 2.3922362126585504]",1.7086121383278847,"equal broad classes and, for mixture, equal polarity within class",24,claude_monet,primary512,vivid,0.09279609279609281,equal_broad_class,descriptive_complete,1.4763938504368126
48,monet,True,0.31250000000000006,2.5604107178470232,-1.0082911460925077,48,"[-0.8851588878487218, 0.9991241666198464, 2.1459395841976354]",0.5330308012150292,"equal broad classes and, for mixture, equal polarity within class",48,claude_monet,primary512,equal_polarity_mixture,0.926739926739927,equal_broad_class,descriptive_complete,0.6033425387150853
24,cezanne,True,0.8333333333333333,0.1909284610946827,-0.7443333573452824,24,"[-0.6799053081894243, -0.21493672902819005, 0.12713113213476845]",-0.23414153195205928,"equal broad classes and, for mixture, equal polarity within class",24,claude_monet,primary512,muted,0.565018315018315,equal_broad_class,descriptive_complete,0.5852723401235529
24,cezanne,True,0.041666666666666664,3.9536860941465215,1.382748606240126,24,"[1.572935630763701, 2.2298220709704726, 3.606557623722383]",2.3836679305515984,"equal broad classes and, for mixture, equal polarity within class",24,claude_monet,primary512,vivid,0.04151404151404152,equal_broad_class,descriptive_complete,2.0516670322177712
48,cezanne,True,0.43750000000000006,3.9536860941465215,-0.7443333573452824,48,"[-0.5185221929141297, 1.382748606240126, 2.80442502027542]",1.0747631992997697,"equal broad classes and, for mixture, equal polarity within class",48,claude_monet,primary512,equal_polarity_mixture,0.8275335775335777,equal_broad_class,descriptive_complete,0.7581257644583749
24,free,True,0.41666666666666663,0.21574941516030924,-0.6965008146529512,24,"[-0.5197493301060635, -0.14963858042835576, 0.20305905611320632]",-0.13720309410796175,"equal broad classes and, for mixture, equal polarity within class",24,paul_cezanne,primary512,muted,0.21875,empirical_reference_mixture,descriptive_complete,0.9492804691270336
24,free,True,0.0,5.261165869429928,2.429986631061882,24,"[2.638712727844793, 3.181438241944075, 4.430884618086548]",3.3513770150363853,"equal broad classes and, for mixture, equal polarity within class",24,paul_cezanne,primary512,vivid,0.03125,empirical_reference_mixture,descriptive_complete,2.5392996400173136
48,free,True,0.20833333333333334,5.261165869429928,-0.6965008146529512,48,"[-0.4391273527268718, 2.429986631061882, 3.805352137369989]",1.607086960464212,"equal broad classes and, for mixture, equal polarity within class",48,paul_cezanne,primary512,equal_polarity_mixture,0.96875,empirical_reference_mixture,descriptive_complete,1.151266856972428
24,generic,True,0.5833333333333333,0.6064934190292528,-0.31005659869438273,24,"[-0.22158286745883957, 0.031051052322636153, 0.584350456680049]",0.08477703382601791,"equal broad classes and, for mixture, equal polarity within class",24,paul_cezanne,primary512,muted,0.375,empirical_reference_mixture,descriptive_complete,0.7421618351297168
24,generic,True,0.08333333333333333,4.60661243619623,1.6869923347961422,24,"[1.8483706337626635, 2.481415067359263, 4.007340129638913]",2.720307423206948,"equal broad classes and, for mixture, equal polarity within class",24,paul_cezanne,primary512,vivid,0.09375,empirical_reference_mixture,descriptive_complete,1.9082300481878762
48,generic,True,0.33333333333333337,4.60661243619623,-0.31005659869438273,48,"[-0.14956267217143993, 1.6869923347961422, 3.5305638719388956]",1.4025422285164832,"equal broad classes and, for mixture, equal polarity within class",48,paul_cezanne,primary512,equal_polarity_mixture,0.9375,empirical_reference_mixture,descriptive_complete,0.7411222045568016
24,monet,True,0.041666666666666664,0.09096902571649833,-1.0082911460925077,24,"[-0.9818134988478346, -0.6285587946062804, -0.3318005752257056]",-0.6425505358978265,"equal broad classes and, for mixture, equal polarity within class",24,paul_cezanne,primary512,muted,0.03125,empirical_reference_mixture,descriptive_complete,1.4546279109168982
24,monet,True,0.5833333333333333,2.5604107178470232,0.9991241666198464,24,"[1.1822658698324073, 1.6007481548215887, 2.3922362126585504]",1.7086121383278847,"equal broad classes and, for mixture, equal polarity within class",24,paul_cezanne,primary512,vivid,0.1875,empirical_reference_mixture,descriptive_complete,0.9719051289331736
48,monet,True,0.31250000000000006,2.5604107178470232,-1.0082911460925077,48,"[-0.8851588878487218, 0.9991241666198464, 2.1459395841976354]",0.5330308012150292,"equal broad classes and, for mixture, equal polarity within class",48,paul_cezanne,primary512,equal_polarity_mixture,0.90625,empirical_reference_mixture,descriptive_complete,0.6739167670623358
24,cezanne,True,0.20833333333333331,0.1909284610946827,-0.7443333573452824,24,"[-0.6799053081894243, -0.21493672902819005, 0.12713113213476845]",-0.23414153195205928,"equal broad classes and, for mixture, equal polarity within class",24,paul_cezanne,primary512,muted,0.21875,empirical_reference_mixture,descriptive_complete,1.0462189069711312
24,cezanne,True,0.125,3.9536860941465215,1.382748606240126,24,"[1.572935630763701, 2.2298220709704726, 3.606557623722383]",2.3836679305515984,"equal broad classes and, for mixture, equal polarity within class",24,paul_cezanne,primary512,vivid,0.09375,empirical_reference_mixture,descriptive_complete,1.5715905555325265
48,cezanne,True,0.16666666666666669,3.9536860941465215,-0.7443333573452824,48,"[-0.5185221929141297, 1.382748606240126, 2.80442502027542]",1.0747631992997697,"equal broad classes and, for mixture, equal polarity within class",48,paul_cezanne,primary512,equal_polarity_mixture,0.9375,empirical_reference_mixture,descriptive_complete,0.7158815336520827
24,free,True,0.41666666666666663,0.21574941516030924,-0.6965008146529512,24,"[-0.5197493301060635, -0.14963858042835576, 0.20305905611320632]",-0.13720309410796175,"equal broad classes and, for mixture, equal polarity within class",24,paul_cezanne,primary512,muted,0.2457912457912458,equal_broad_class,descriptive_complete,0.8393771890793844
24,free,True,0.0,5.261165869429928,2.429986631061882,24,"[2.638712727844793, 3.181438241944075, 4.430884618086548]",3.3513770150363853,"equal broad classes and, for mixture, equal polarity within class",24,paul_cezanne,primary512,vivid,0.030303030303030307,equal_broad_class,descriptive_complete,2.6492029200649627
48,free,True,0.20833333333333334,5.261165869429928,-0.6965008146529512,48,"[-0.4391273527268718, 2.429986631061882, 3.805352137369989]",1.607086960464212,"equal broad classes and, for mixture, equal polarity within class",48,paul_cezanne,primary512,equal_polarity_mixture,0.9696969696969697,equal_broad_class,descriptive_complete,1.1940952950232142
24,generic,True,0.5833333333333333,0.6064934190292528,-0.31005659869438273,24,"[-0.22158286745883957, 0.031051052322636153, 0.584350456680049]",0.08477703382601791,"equal broad classes and, for mixture, equal polarity within class",24,paul_cezanne,primary512,muted,0.430976430976431,equal_broad_class,descriptive_complete,0.6318082067809565
24,generic,True,0.0,4.60661243619623,1.6869923347961422,24,"[1.8483706337626635, 2.481415067359263, 4.007340129638913]",2.720307423206948,"equal broad classes and, for mixture, equal polarity within class",24,paul_cezanne,primary512,vivid,0.06734006734006735,equal_broad_class,descriptive_complete,2.0181333282355256
48,generic,True,0.2916666666666667,4.60661243619623,-0.31005659869438273,48,"[-0.14956267217143993, 1.6869923347961422, 3.5305638719388956]",1.4025422285164832,"equal broad classes and, for mixture, equal polarity within class",48,paul_cezanne,primary512,equal_polarity_mixture,0.9393939393939394,equal_broad_class,descriptive_complete,0.7871460318530841
24,monet,True,0.041666666666666664,0.09096902571649833,-1.0082911460925077,24,"[-0.9818134988478346, -0.6285587946062804, -0.3318005752257056]",-0.6425505358978265,"equal broad classes and, for mixture, equal polarity within class",24,paul_cezanne,primary512,muted,0.030303030303030307,equal_broad_class,descriptive_complete,1.344724630869249
24,monet,True,0.25,2.5604107178470232,0.9991241666198464,24,"[1.1822658698324073, 1.6007481548215887, 2.3922362126585504]",1.7086121383278847,"equal broad classes and, for mixture, equal polarity within class",24,paul_cezanne,primary512,vivid,0.1346801346801347,equal_broad_class,descriptive_complete,1.0795244585073571
48,monet,True,0.14583333333333334,2.5604107178470232,-1.0082911460925077,48,"[-0.8851588878487218, 0.9991241666198464, 2.1459395841976354]",0.5330308012150292,"equal broad classes and, for mixture, equal polarity within class",48,paul_cezanne,primary512,equal_polarity_mixture,0.9326599326599329,equal_broad_class,descriptive_complete,0.7022763568965108
24,cezanne,True,0.20833333333333331,0.1909284610946827,-0.7443333573452824,24,"[-0.6799053081894243, -0.21493672902819005, 0.12713113213476845]",-0.23414153195205928,"equal broad classes and, for mixture, equal polarity within class",24,paul_cezanne,primary512,muted,0.2575757575757576,equal_broad_class,descriptive_complete,0.9363156269234819
24,cezanne,True,0.041666666666666664,3.9536860941465215,1.382748606240126,24,"[1.572935630763701, 2.2298220709704726, 3.606557623722383]",2.3836679305515984,"equal broad classes and, for mixture, equal polarity within class",24,paul_cezanne,primary512,vivid,0.06734006734006735,equal_broad_class,descriptive_complete,1.6814938355801756
48,cezanne,True,0.125,3.9536860941465215,-0.7443333573452824,48,"[-0.5185221929141297, 1.382748606240126, 2.80442502027542]",1.0747631992997697,"equal broad classes and, for mixture, equal polarity within class",48,paul_cezanne,primary512,equal_polarity_mixture,0.9393939393939394,equal_broad_class,descriptive_complete,0.7587099717028687
24,free,True,0.9166666666666666,0.2141977323396292,-0.6974605868848803,24,"[-0.5182851173189759, -0.14672402684163355, 0.20552962133389888]",-0.13385022322694884,"equal broad classes and, for mixture, equal polarity within class",24,claude_monet,resolution256,muted,0.5,empirical_reference_mixture,descriptive_complete,0.5338442728045607
24,free,True,0.0,5.234699211156582,2.4180015426751447,24,"[2.641590098657831, 3.1819047722829414, 4.4338675071001665]",3.349870692940795,"equal broad classes and, for mixture, equal polarity within class",24,claude_monet,resolution256,vivid,0.05263157894736843,empirical_reference_mixture,descriptive_complete,2.982637558658067
48,free,True,0.45833333333333337,5.234699211156582,-0.6974605868848803,48,"[-0.43305488447995505, 2.4180015426751447, 3.782717287246512]",1.6080102348569232,"equal broad classes and, for mixture, equal polarity within class",48,claude_monet,resolution256,equal_polarity_mixture,0.8421052631578948,empirical_reference_mixture,descriptive_complete,1.240777100574197
24,generic,True,1.0,0.6040573488137757,-0.3000881486631618,24,"[-0.22674660314217487, 0.04341817333386306, 0.5815800745048516]",0.08754755225179706,"equal broad classes and, for mixture, equal polarity within class",24,claude_monet,resolution256,muted,0.44736842105263164,empirical_reference_mixture,descriptive_complete,0.4966223959866481
24,generic,True,0.0,4.619674258293899,1.679781337827988,24,"[1.8589111553823945, 2.482110309955123, 4.030434421768987]",2.7269638431359238,"equal broad classes and, for mixture, equal polarity within class",24,claude_monet,resolution256,vivid,0.05263157894736843,empirical_reference_mixture,descriptive_complete,2.3597307088531956
48,generic,True,0.5000000000000001,4.619674258293899,-0.3000881486631618,48,"[-0.1463131287331146, 1.679781337827988, 3.5461680150434347]",1.4072556976938606,"equal broad classes and, for mixture, equal polarity within class",48,claude_monet,resolution256,equal_polarity_mixture,0.6052631578947368,empirical_reference_mixture,descriptive_complete,1.040022563411134
24,monet,True,0.29166666666666663,0.09633158979044898,-1.0210298254898462,24,"[-0.9938985121951868, -0.6260303658583306, -0.3262958149994603]",-0.6439182905990981,"equal broad classes and, for mixture, equal polarity within class",24,claude_monet,resolution256,muted,0.21052631578947373,empirical_reference_mixture,descriptive_complete,1.0122219946163653
24,monet,True,0.5,2.5422856791944954,1.005170196108788,24,"[1.1606503414911833, 1.5755787387589106, 2.3894232018694543]",1.694773184002654,"equal broad classes and, for mixture, equal polarity within class",24,claude_monet,resolution256,vivid,0.10526315789473686,empirical_reference_mixture,descriptive_complete,1.4601719671413242
48,monet,True,0.39583333333333337,2.5422856791944954,-1.0210298254898462,48,"[-0.8917790358128997, 1.005170196108788, 2.129753810017023]",0.5254274467017781,"equal broad classes and, for mixture, equal polarity within class",48,claude_monet,resolution256,equal_polarity_mixture,0.8947368421052632,empirical_reference_mixture,descriptive_complete,0.614620188992794
24,cezanne,True,0.8333333333333333,0.1973142848800483,-0.7422990343988823,24,"[-0.6782510812174329, -0.2197129928869747, 0.13000457307026136]",-0.23327378891839265,"equal broad classes and, for mixture, equal polarity within class",24,claude_monet,resolution256,muted,0.5526315789473685,empirical_reference_mixture,descriptive_complete,0.6265503273136324
24,cezanne,True,0.125,3.9341180117901984,1.3625524698017326,24,"[1.5548517544796872, 2.2130102161608343, 3.5875488742316506]",2.364478154913727,"equal broad classes and, for mixture, equal polarity within class",24,claude_monet,resolution256,vivid,0.05263157894736843,empirical_reference_mixture,descriptive_complete,1.9972450206309986
48,cezanne,True,0.4791666666666667,3.9341180117901984,-0.7422990343988823,48,"[-0.5184850881471359, 1.3625524698017326, 2.7858706538519464]",1.0656021829976674,"equal broad classes and, for mixture, equal polarity within class",48,claude_monet,resolution256,equal_polarity_mixture,0.8421052631578948,empirical_reference_mixture,descriptive_complete,0.7118580072554818
24,free,True,0.9166666666666666,0.2141977323396292,-0.6974605868848803,24,"[-0.5182851173189759, -0.14672402684163355, 0.20552962133389888]",-0.13385022322694884,"equal broad classes and, for mixture, equal polarity within class",24,claude_monet,resolution256,muted,0.4658119658119659,equal_broad_class,descriptive_complete,0.49880532429098706
24,free,True,0.0,5.234699211156582,2.4180015426751447,24,"[2.641590098657831, 3.1819047722829414, 4.4338675071001665]",3.349870692940795,"equal broad classes and, for mixture, equal polarity within class",24,claude_monet,resolution256,vivid,0.04151404151404152,equal_broad_class,descriptive_complete,3.0190304269787154
48,free,True,0.45833333333333337,5.234699211156582,-0.6974605868848803,48,"[-0.43305488447995505, 2.4180015426751447, 3.782717287246512]",1.6080102348569232,"equal broad classes and, for mixture, equal polarity within class",48,claude_monet,resolution256,equal_polarity_mixture,0.8373015873015874,equal_broad_class,descriptive_complete,1.2787752165500121
24,generic,True,1.0,0.6040573488137757,-0.3000881486631618,24,"[-0.22674660314217487, 0.04341817333386306, 0.5815800745048516]",0.08754755225179706,"equal broad classes and, for mixture, equal polarity within class",24,claude_monet,resolution256,muted,0.3763736263736264,equal_broad_class,descriptive_complete,0.4879510441008573
24,generic,True,0.0,4.619674258293899,1.679781337827988,24,"[1.8589111553823945, 2.482110309955123, 4.030434421768987]",2.7269638431359238,"equal broad classes and, for mixture, equal polarity within class",24,claude_monet,resolution256,vivid,0.04151404151404152,equal_broad_class,descriptive_complete,2.396123577173844
48,generic,True,0.5000000000000001,4.619674258293899,-0.3000881486631618,48,"[-0.1463131287331146, 1.679781337827988, 3.5461680150434347]",1.4072556976938606,"equal broad classes and, for mixture, equal polarity within class",48,claude_monet,resolution256,equal_polarity_mixture,0.6074481074481075,equal_broad_class,descriptive_complete,1.0764154317317827
24,monet,True,0.29166666666666663,0.09633158979044898,-1.0210298254898462,24,"[-0.9938985121951868, -0.6260303658583306, -0.3262958149994603]",-0.6439182905990981,"equal broad classes and, for mixture, equal polarity within class",24,claude_monet,resolution256,muted,0.2716727716727717,equal_broad_class,descriptive_complete,0.975404297035979
24,monet,True,0.3333333333333333,2.5422856791944954,1.005170196108788,24,"[1.1606503414911833, 1.5755787387589106, 2.3894232018694543]",1.694773184002654,"equal broad classes and, for mixture, equal polarity within class",24,claude_monet,resolution256,vivid,0.09279609279609281,equal_broad_class,descriptive_complete,1.4657944065986643
48,monet,True,0.31250000000000006,2.5422856791944954,-1.0210298254898462,48,"[-0.8917790358128997, 1.005170196108788, 2.129753810017023]",0.5254274467017781,"equal broad classes and, for mixture, equal polarity within class",48,claude_monet,resolution256,equal_polarity_mixture,0.926739926739927,equal_broad_class,descriptive_complete,0.5984468554914159
24,cezanne,True,0.8333333333333333,0.1973142848800483,-0.7422990343988823,24,"[-0.6782510812174329, -0.2197129928869747, 0.13000457307026136]",-0.23327378891839265,"equal broad classes and, for mixture, equal polarity within class",24,claude_monet,resolution256,muted,0.565018315018315,equal_broad_class,descriptive_complete,0.58319149100887
24,cezanne,True,0.041666666666666664,3.9341180117901984,1.3625524698017326,24,"[1.5548517544796872, 2.2130102161608343, 3.5875488742316506]",2.364478154913727,"equal broad classes and, for mixture, equal polarity within class",24,claude_monet,resolution256,vivid,0.04151404151404152,equal_broad_class,descriptive_complete,2.033637888951647
48,cezanne,True,0.43750000000000006,3.9341180117901984,-0.7422990343988823,48,"[-0.5184850881471359, 1.3625524698017326, 2.7858706538519464]",1.0656021829976674,"equal broad classes and, for mixture, equal polarity within class",48,claude_monet,resolution256,equal_polarity_mixture,0.8275335775335777,equal_broad_class,descriptive_complete,0.7502231267168942
24,free,True,0.41666666666666663,0.2141977323396292,-0.6974605868848803,24,"[-0.5182851173189759, -0.14672402684163355, 0.20552962133389888]",-0.13385022322694884,"equal broad classes and, for mixture, equal polarity within class",24,paul_cezanne,resolution256,muted,0.21875,empirical_reference_mixture,descriptive_complete,0.9426757419811207
24,free,True,0.0,5.234699211156582,2.4180015426751447,24,"[2.641590098657831, 3.1819047722829414, 4.4338675071001665]",3.349870692940795,"equal broad classes and, for mixture, equal polarity within class",24,paul_cezanne,resolution256,vivid,0.03125,empirical_reference_mixture,descriptive_complete,2.541045174186623
48,free,True,0.20833333333333334,5.234699211156582,-0.6974605868848803,48,"[-0.43305488447995505, 2.4180015426751447, 3.782717287246512]",1.6080102348569232,"equal broad classes and, for mixture, equal polarity within class",48,paul_cezanne,resolution256,equal_polarity_mixture,0.96875,empirical_reference_mixture,descriptive_complete,1.1490742166247938
24,generic,True,0.5833333333333333,0.6040573488137757,-0.3000881486631618,24,"[-0.22674660314217487, 0.04341817333386306, 0.5815800745048516]",0.08754755225179706,"equal broad classes and, for mixture, equal polarity within class",24,paul_cezanne,resolution256,muted,0.40625,empirical_reference_mixture,descriptive_complete,0.7367247306534994
24,generic,True,0.08333333333333333,4.619674258293899,1.679781337827988,24,"[1.8589111553823945, 2.482110309955123, 4.030434421768987]",2.7269638431359238,"equal broad classes and, for mixture, equal polarity within class",24,paul_cezanne,resolution256,vivid,0.09375,empirical_reference_mixture,descriptive_complete,1.9181383243817518
48,generic,True,0.33333333333333337,4.619674258293899,-0.3000881486631618,48,"[-0.1463131287331146, 1.679781337827988, 3.5461680150434347]",1.4072556976938606,"equal broad classes and, for mixture, equal polarity within class",48,paul_cezanne,resolution256,equal_polarity_mixture,0.9375,empirical_reference_mixture,descriptive_complete,0.7437820523382709
24,monet,True,0.041666666666666664,0.09633158979044898,-1.0210298254898462,24,"[-0.9938985121951868, -0.6260303658583306, -0.3262958149994603]",-0.6439182905990981,"equal broad classes and, for mixture, equal polarity within class",24,paul_cezanne,resolution256,muted,0.03125,empirical_reference_mixture,descriptive_complete,1.45274380935327
24,monet,True,0.5833333333333333,2.5422856791944954,1.005170196108788,24,"[1.1606503414911833, 1.5755787387589106, 2.3894232018694543]",1.694773184002654,"equal broad classes and, for mixture, equal polarity within class",24,paul_cezanne,resolution256,vivid,0.21875,empirical_reference_mixture,descriptive_complete,0.9619708482104551
48,monet,True,0.31250000000000006,2.5422856791944954,-1.0210298254898462,48,"[-0.8917790358128997, 1.005170196108788, 2.129753810017023]",0.5254274467017781,"equal broad classes and, for mixture, equal polarity within class",48,paul_cezanne,resolution256,equal_polarity_mixture,0.90625,empirical_reference_mixture,descriptive_complete,0.6692898793521379
24,cezanne,True,0.20833333333333331,0.1973142848800483,-0.7422990343988823,24,"[-0.6782510812174329, -0.2197129928869747, 0.13000457307026136]",-0.23327378891839265,"equal broad classes and, for mixture, equal polarity within class",24,paul_cezanne,resolution256,muted,0.21875,empirical_reference_mixture,descriptive_complete,1.0420993076725646
24,cezanne,True,0.16666666666666666,3.9341180117901984,1.3625524698017326,24,"[1.5548517544796872, 2.2130102161608343, 3.5875488742316506]",2.364478154913727,"equal broad classes and, for mixture, equal polarity within class",24,paul_cezanne,resolution256,vivid,0.09375,empirical_reference_mixture,descriptive_complete,1.5556526361595546
48,cezanne,True,0.18750000000000003,3.9341180117901984,-0.7422990343988823,48,"[-0.5184850881471359, 1.3625524698017326, 2.7858706538519464]",1.0656021829976674,"equal broad classes and, for mixture, equal polarity within class",48,paul_cezanne,resolution256,equal_polarity_mixture,0.9375,empirical_reference_mixture,descriptive_complete,0.7060897304569811
24,free,True,0.41666666666666663,0.2141977323396292,-0.6974605868848803,24,"[-0.5182851173189759, -0.14672402684163355, 0.20552962133389888]",-0.13385022322694884,"equal broad classes and, for mixture, equal polarity within class",24,paul_cezanne,resolution256,muted,0.2457912457912458,equal_broad_class,descriptive_complete,0.8360183961623995
24,free,True,0.0,5.234699211156582,2.4180015426751447,24,"[2.641590098657831, 3.1819047722829414, 4.4338675071001665]",3.349870692940795,"equal broad classes and, for mixture, equal polarity within class",24,paul_cezanne,resolution256,vivid,0.030303030303030307,equal_broad_class,descriptive_complete,2.6477025200053443
48,free,True,0.20833333333333334,5.234699211156582,-0.6974605868848803,48,"[-0.43305488447995505, 2.4180015426751447, 3.782717287246512]",1.6080102348569232,"equal broad classes and, for mixture, equal polarity within class",48,paul_cezanne,resolution256,equal_polarity_mixture,0.9696969696969697,equal_broad_class,descriptive_complete,1.1874899774344563
24,generic,True,0.5833333333333333,0.6040573488137757,-0.3000881486631618,24,"[-0.22674660314217487, 0.04341817333386306, 0.5815800745048516]",0.08754755225179706,"equal broad classes and, for mixture, equal polarity within class",24,paul_cezanne,resolution256,muted,0.4494949494949495,equal_broad_class,descriptive_complete,0.6295993010726229
24,generic,True,0.0,4.619674258293899,1.679781337827988,24,"[1.8589111553823945, 2.482110309955123, 4.030434421768987]",2.7269638431359238,"equal broad classes and, for mixture, equal polarity within class",24,paul_cezanne,resolution256,vivid,0.06734006734006735,equal_broad_class,descriptive_complete,2.024795670200473
48,generic,True,0.2916666666666667,4.619674258293899,-0.3000881486631618,48,"[-0.1463131287331146, 1.679781337827988, 3.5461680150434347]",1.4072556976938606,"equal broad classes and, for mixture, equal polarity within class",48,paul_cezanne,resolution256,equal_polarity_mixture,0.9393939393939394,equal_broad_class,descriptive_complete,0.7863785491640014
24,monet,True,0.041666666666666664,0.09633158979044898,-1.0210298254898462,24,"[-0.9938985121951868, -0.6260303658583306, -0.3262958149994603]",-0.6439182905990981,"equal broad classes and, for mixture, equal polarity within class",24,paul_cezanne,resolution256,muted,0.030303030303030307,equal_broad_class,descriptive_complete,1.346086463534549
24,monet,True,0.25,2.5422856791944954,1.005170196108788,24,"[1.1606503414911833, 1.5755787387589106, 2.3894232018694543]",1.694773184002654,"equal broad classes and, for mixture, equal polarity within class",24,paul_cezanne,resolution256,vivid,0.15319865319865322,equal_broad_class,descriptive_complete,1.066324461212147
48,monet,True,0.14583333333333334,2.5422856791944954,-1.0210298254898462,48,"[-0.8917790358128997, 1.005170196108788, 2.129753810017023]",0.5254274467017781,"equal broad classes and, for mixture, equal polarity within class",48,paul_cezanne,resolution256,equal_polarity_mixture,0.9326599326599329,equal_broad_class,descriptive_complete,0.6924764795117286
24,cezanne,True,0.20833333333333331,0.1973142848800483,-0.7422990343988823,24,"[-0.6782510812174329, -0.2197129928869747, 0.13000457307026136]",-0.23327378891839265,"equal broad classes and, for mixture, equal polarity within class",24,paul_cezanne,resolution256,muted,0.2575757575757576,equal_broad_class,descriptive_complete,0.9354419618538432
24,cezanne,True,0.041666666666666664,3.9341180117901984,1.3625524698017326,24,"[1.5548517544796872, 2.2130102161608343, 3.5875488742316506]",2.364478154913727,"equal broad classes and, for mixture, equal polarity within class",24,paul_cezanne,resolution256,vivid,0.06734006734006735,equal_broad_class,descriptive_complete,1.662309981978276
48,cezanne,True,0.125,3.9341180117901984,-0.7422990343988823,48,"[-0.5184850881471359, 1.3625524698017326, 2.7858706538519464]",1.0656021829976674,"equal broad classes and, for mixture, equal polarity within class",48,paul_cezanne,resolution256,equal_polarity_mixture,0.9393939393939394,equal_broad_class,descriptive_complete,0.7445054912666437
24,free,True,0.9166666666666666,0.22484559522229586,-0.6814207396503505,24,"[-0.49295188838885357, -0.1175218955706885, 0.2161614567856821]",-0.11232072583395869,"equal broad classes and, for mixture, equal polarity within class",24,claude_monet,jpeg90_512,muted,0.5263157894736842,empirical_reference_mixture,descriptive_complete,0.5055578739034032
24,free,True,0.0,5.051110773232477,2.3682088830561208,24,"[2.5445555080913502, 3.079193098645272, 4.361356518864413]",3.2629649814921438,"equal broad classes and, for mixture, equal polarity within class",24,claude_monet,jpeg90_512,vivid,0.05263157894736843,empirical_reference_mixture,descriptive_complete,2.912723054072602
48,free,True,0.45833333333333337,5.051110773232477,-0.6814207396503505,48,"[-0.43490433279893825, 2.3682088830561208, 3.6612335085810352]",1.5753221278290928,"equal broad classes and, for mixture, equal polarity within class",48,claude_monet,jpeg90_512,equal_polarity_mixture,0.7894736842105263,empirical_reference_mixture,descriptive_complete,1.2250802004095531
24,generic,True,1.0,0.6096056109139927,-0.26679712314831416,24,"[-0.18991070540329613, 0.07746926841492364, 0.6012496093180103]",0.11262438533551149,"equal broad classes and, for mixture, equal polarity within class",24,claude_monet,jpeg90_512,muted,0.39473684210526316,empirical_reference_mixture,descriptive_complete,0.5048629920248837
24,generic,True,0.0,4.5305082351854224,1.6432631217041875,24,"[1.8468524107069206, 2.4312484295007772, 3.9974174794606503]",2.6741929062114713,"equal broad classes and, for mixture, equal polarity within class",24,claude_monet,jpeg90_512,vivid,0.05263157894736843,empirical_reference_mixture,descriptive_complete,2.32395097879193
48,generic,True,0.5000000000000001,4.5305082351854224,-0.26679712314831416,48,"[-0.11826391945388925, 1.6432631217041875, 3.490697078285486]",1.3934086457734918,"equal broad classes and, for mixture, equal polarity within class",48,claude_monet,jpeg90_512,equal_polarity_mixture,0.5789473684210527,empirical_reference_mixture,descriptive_complete,1.0431667183539515
24,monet,True,0.29166666666666663,0.10865978199277594,-1.0297425051882716,24,"[-1.0260151926729175, -0.6055607937515811, -0.3215183130210121]",-0.6392547873235221,"equal broad classes and, for mixture, equal polarity within class",24,claude_monet,jpeg90_512,muted,0.21052631578947373,empirical_reference_mixture,descriptive_complete,0.9906584184759408
24,monet,True,0.5416666666666666,2.410235231052873,0.9711636164787065,24,"[1.044892669171641, 1.5259663035724111, 2.360862768582425]",1.6146352930734873,"equal broad classes and, for mixture, equal polarity within class",24,claude_monet,jpeg90_512,vivid,0.10526315789473686,empirical_reference_mixture,descriptive_complete,1.4079026062007745
48,monet,True,0.4166666666666667,2.410235231052873,-1.0297425051882716,48,"[-0.9124103696244467, 0.9711636164787065, 2.0475915202830057]",0.48769025287498263,"equal broad classes and, for mixture, equal polarity within class",48,claude_monet,jpeg90_512,equal_polarity_mixture,0.8947368421052632,empirical_reference_mixture,descriptive_complete,0.5856080162674574
24,cezanne,True,0.8333333333333333,0.21200731449270308,-0.7272447920365568,24,"[-0.6699614138955989, -0.2276010224599433, 0.1372629104408288]",-0.22645680857799316,"equal broad classes and, for mixture, equal polarity within class",24,claude_monet,jpeg90_512,muted,0.5526315789473685,empirical_reference_mixture,descriptive_complete,0.605393512009175
24,cezanne,True,0.125,3.8696473432552994,1.315088057695967,24,"[1.4881672399014019, 2.1473544730912866, 3.5398952212236225]",2.3042623995617824,"equal broad classes and, for mixture, equal polarity within class",24,claude_monet,jpeg90_512,vivid,0.05263157894736843,empirical_reference_mixture,descriptive_complete,1.9556107160790313
48,cezanne,True,0.4791666666666667,3.8696473432552994,-0.7272447920365568,48,"[-0.5073771693900827, 1.315088057695967, 2.720566136013986]",1.0389027954918948,"equal broad classes and, for mixture, equal polarity within class",48,claude_monet,jpeg90_512,equal_polarity_mixture,0.8421052631578948,empirical_reference_mixture,descriptive_complete,0.7020960621885377
24,free,True,0.9166666666666666,0.22484559522229586,-0.6814207396503505,24,"[-0.49295188838885357, -0.1175218955706885, 0.2161614567856821]",-0.11232072583395869,"equal broad classes and, for mixture, equal polarity within class",24,claude_monet,jpeg90_512,muted,0.49145299145299154,equal_broad_class,descriptive_complete,0.4784553237950114
24,free,True,0.0,5.051110773232477,2.3682088830561208,24,"[2.5445555080913502, 3.079193098645272, 4.361356518864413]",3.2629649814921438,"equal broad classes and, for mixture, equal polarity within class",24,claude_monet,jpeg90_512,vivid,0.04151404151404152,equal_broad_class,descriptive_complete,2.948389761523458
48,free,True,0.45833333333333337,5.051110773232477,-0.6814207396503505,48,"[-0.43490433279893825, 2.3682088830561208, 3.6612335085810352]",1.5753221278290928,"equal broad classes and, for mixture, equal polarity within class",48,claude_monet,jpeg90_512,equal_polarity_mixture,0.7283272283272286,equal_broad_class,descriptive_complete,1.2613163496875677
24,generic,True,1.0,0.6096056109139927,-0.26679712314831416,24,"[-0.18991070540329613, 0.07746926841492364, 0.6012496093180103]",0.11262438533551149,"equal broad classes and, for mixture, equal polarity within class",24,claude_monet,jpeg90_512,muted,0.3446275946275947,equal_broad_class,descriptive_complete,0.4965461037228248
24,generic,True,0.0,4.5305082351854224,1.6432631217041875,24,"[1.8468524107069206, 2.4312484295007772, 3.9974174794606503]",2.6741929062114713,"equal broad classes and, for mixture, equal polarity within class",24,claude_monet,jpeg90_512,vivid,0.04151404151404152,equal_broad_class,descriptive_complete,2.3596176862427862
48,generic,True,0.5000000000000001,4.5305082351854224,-0.26679712314831416,48,"[-0.11826391945388925, 1.6432631217041875, 3.490697078285486]",1.3934086457734918,"equal broad classes and, for mixture, equal polarity within class",48,claude_monet,jpeg90_512,equal_polarity_mixture,0.5915750915750917,equal_broad_class,descriptive_complete,1.0788334258048078
24,monet,True,0.29166666666666663,0.10865978199277594,-1.0297425051882716,24,"[-1.0260151926729175, -0.6055607937515811, -0.3215183130210121]",-0.6392547873235221,"equal broad classes and, for mixture, equal polarity within class",24,claude_monet,jpeg90_512,muted,0.2716727716727717,equal_broad_class,descriptive_complete,0.954530717480292
24,monet,True,0.375,2.410235231052873,0.9711636164787065,24,"[1.044892669171641, 1.5259663035724111, 2.360862768582425]",1.6146352930734873,"equal broad classes and, for mixture, equal polarity within class",24,claude_monet,jpeg90_512,vivid,0.09279609279609281,equal_broad_class,descriptive_complete,1.4107568222178373
48,monet,True,0.3333333333333333,2.410235231052873,-1.0297425051882716,48,"[-0.9124103696244467, 0.9711636164787065, 2.0475915202830057]",0.48769025287498263,"equal broad classes and, for mixture, equal polarity within class",48,claude_monet,jpeg90_512,equal_polarity_mixture,0.926739926739927,equal_broad_class,descriptive_complete,0.5693763819132762
24,cezanne,True,0.8333333333333333,0.21200731449270308,-0.7272447920365568,24,"[-0.6699614138955989, -0.2276010224599433, 0.1372629104408288]",-0.22645680857799316,"equal broad classes and, for mixture, equal polarity within class",24,claude_monet,jpeg90_512,muted,0.565018315018315,equal_broad_class,descriptive_complete,0.5644618489659939
24,cezanne,True,0.041666666666666664,3.8696473432552994,1.315088057695967,24,"[1.4881672399014019, 2.1473544730912866, 3.5398952212236225]",2.3042623995617824,"equal broad classes and, for mixture, equal polarity within class",24,claude_monet,jpeg90_512,vivid,0.04151404151404152,equal_broad_class,descriptive_complete,1.9906463743486214
48,cezanne,True,0.43750000000000006,3.8696473432552994,-0.7272447920365568,48,"[-0.5073771693900827, 1.315088057695967, 2.720566136013986]",1.0389027954918948,"equal broad classes and, for mixture, equal polarity within class",48,claude_monet,jpeg90_512,equal_polarity_mixture,0.8275335775335777,equal_broad_class,descriptive_complete,0.7386629478084515
24,free,True,0.41666666666666663,0.22484559522229586,-0.6814207396503505,24,"[-0.49295188838885357, -0.1175218955706885, 0.2161614567856821]",-0.11232072583395869,"equal broad classes and, for mixture, equal polarity within class",24,paul_cezanne,jpeg90_512,muted,0.25,empirical_reference_mixture,descriptive_complete,0.9051309930626292
24,free,True,0.0,5.051110773232477,2.3682088830561208,24,"[2.5445555080913502, 3.079193098645272, 4.361356518864413]",3.2629649814921438,"equal broad classes and, for mixture, equal polarity within class",24,paul_cezanne,jpeg90_512,vivid,0.03125,empirical_reference_mixture,descriptive_complete,2.470154714263473
48,free,True,0.20833333333333334,5.051110773232477,-0.6814207396503505,48,"[-0.43490433279893825, 2.3682088830561208, 3.6612335085810352]",1.5753221278290928,"equal broad classes and, for mixture, equal polarity within class",48,paul_cezanne,jpeg90_512,equal_polarity_mixture,0.9375,empirical_reference_mixture,descriptive_complete,1.1000628162761075
24,generic,True,0.625,0.6096056109139927,-0.26679712314831416,24,"[-0.18991070540329613, 0.07746926841492364, 0.6012496093180103]",0.11262438533551149,"equal broad classes and, for mixture, equal polarity within class",24,paul_cezanne,jpeg90_512,muted,0.40625,empirical_reference_mixture,descriptive_complete,0.6980703700561285
24,generic,True,0.08333333333333333,4.5305082351854224,1.6432631217041875,24,"[1.8468524107069206, 2.4312484295007772, 3.9974174794606503]",2.6741929062114713,"equal broad classes and, for mixture, equal polarity within class",24,paul_cezanne,jpeg90_512,vivid,0.09375,empirical_reference_mixture,descriptive_complete,1.881382638982801
48,generic,True,0.3541666666666667,4.5305082351854224,-0.26679712314831416,48,"[-0.11826391945388925, 1.6432631217041875, 3.490697078285486]",1.3934086457734918,"equal broad classes and, for mixture, equal polarity within class",48,paul_cezanne,jpeg90_512,equal_polarity_mixture,0.9375,empirical_reference_mixture,descriptive_complete,0.7124098616551928
24,monet,True,0.041666666666666664,0.10865978199277594,-1.0297425051882716,24,"[-1.0260151926729175, -0.6055607937515811, -0.3215183130210121]",-0.6392547873235221,"equal broad classes and, for mixture, equal polarity within class",24,paul_cezanne,jpeg90_512,muted,0.03125,empirical_reference_mixture,descriptive_complete,1.4320650545521927
24,monet,True,0.6666666666666666,2.410235231052873,0.9711636164787065,24,"[1.044892669171641, 1.5259663035724111, 2.360862768582425]",1.6146352930734873,"equal broad classes and, for mixture, equal polarity within class",24,paul_cezanne,jpeg90_512,vivid,0.21875,empirical_reference_mixture,descriptive_complete,0.9088640873388649
48,monet,True,0.3541666666666667,2.410235231052873,-1.0297425051882716,48,"[-0.9124103696244467, 0.9711636164787065, 2.0475915202830057]",0.48769025287498263,"equal broad classes and, for mixture, equal polarity within class",48,paul_cezanne,jpeg90_512,equal_polarity_mixture,0.90625,empirical_reference_mixture,descriptive_complete,0.6456847175240223
24,cezanne,True,0.20833333333333331,0.21200731449270308,-0.7272447920365568,24,"[-0.6699614138955989, -0.2276010224599433, 0.1372629104408288]",-0.22645680857799316,"equal broad classes and, for mixture, equal polarity within class",24,paul_cezanne,jpeg90_512,muted,0.21875,empirical_reference_mixture,descriptive_complete,1.0192670758066638
24,cezanne,True,0.16666666666666666,3.8696473432552994,1.315088057695967,24,"[1.4881672399014019, 2.1473544730912866, 3.5398952212236225]",2.3042623995617824,"equal broad classes and, for mixture, equal polarity within class",24,paul_cezanne,jpeg90_512,vivid,0.09375,empirical_reference_mixture,descriptive_complete,1.5114521323331118
48,cezanne,True,0.18750000000000003,3.8696473432552994,-0.7272447920365568,48,"[-0.5073771693900827, 1.315088057695967, 2.720566136013986]",1.0389027954918948,"equal broad classes and, for mixture, equal polarity within class",48,paul_cezanne,jpeg90_512,equal_polarity_mixture,0.9375,empirical_reference_mixture,descriptive_complete,0.6777795666829437
24,free,True,0.41666666666666663,0.22484559522229586,-0.6814207396503505,24,"[-0.49295188838885357, -0.1175218955706885, 0.2161614567856821]",-0.11232072583395869,"equal broad classes and, for mixture, equal polarity within class",24,paul_cezanne,jpeg90_512,muted,0.26430976430976433,equal_broad_class,descriptive_complete,0.7944901910479507
24,free,True,0.0,5.051110773232477,2.3682088830561208,24,"[2.5445555080913502, 3.079193098645272, 4.361356518864413]",3.2629649814921438,"equal broad classes and, for mixture, equal polarity within class",24,paul_cezanne,jpeg90_512,vivid,0.030303030303030307,equal_broad_class,descriptive_complete,2.580795516278152
48,free,True,0.20833333333333334,5.051110773232477,-0.6814207396503505,48,"[-0.43490433279893825, 2.3682088830561208, 3.6612335085810352]",1.5753221278290928,"equal broad classes and, for mixture, equal polarity within class",48,paul_cezanne,jpeg90_512,equal_polarity_mixture,0.9393939393939394,equal_broad_class,descriptive_complete,1.142009248469936
24,generic,True,0.625,0.6096056109139927,-0.26679712314831416,24,"[-0.18991070540329613, 0.07746926841492364, 0.6012496093180103]",0.11262438533551149,"equal broad classes and, for mixture, equal polarity within class",24,paul_cezanne,jpeg90_512,muted,0.46127946127946134,equal_broad_class,descriptive_complete,0.5868876138546933
24,generic,True,0.0,4.5305082351854224,1.6432631217041875,24,"[1.8468524107069206, 2.4312484295007772, 3.9974174794606503]",2.6741929062114713,"equal broad classes and, for mixture, equal polarity within class",24,paul_cezanne,jpeg90_512,vivid,0.06734006734006735,equal_broad_class,descriptive_complete,1.992023440997479
48,generic,True,0.31250000000000006,4.5305082351854224,-0.26679712314831416,48,"[-0.11826391945388925, 1.6432631217041875, 3.490697078285486]",1.3934086457734918,"equal broad classes and, for mixture, equal polarity within class",48,paul_cezanne,jpeg90_512,equal_polarity_mixture,0.9393939393939394,equal_broad_class,descriptive_complete,0.765542140735549
24,monet,True,0.041666666666666664,0.10865978199277594,-1.0297425051882716,24,"[-1.0260151926729175, -0.6055607937515811, -0.3215183130210121]",-0.6392547873235221,"equal broad classes and, for mixture, equal polarity within class",24,paul_cezanne,jpeg90_512,muted,0.030303030303030307,equal_broad_class,descriptive_complete,1.3214242525375144
24,monet,True,0.25,2.410235231052873,0.9711636164787065,24,"[1.044892669171641, 1.5259663035724111, 2.360862768582425]",1.6146352930734873,"equal broad classes and, for mixture, equal polarity within class",24,paul_cezanne,jpeg90_512,vivid,0.15319865319865322,equal_broad_class,descriptive_complete,1.0151452913038594
48,monet,True,0.14583333333333334,2.410235231052873,-1.0297425051882716,48,"[-0.9124103696244467, 0.9711636164787065, 2.0475915202830057]",0.48769025287498263,"equal broad classes and, for mixture, equal polarity within class",48,paul_cezanne,jpeg90_512,equal_polarity_mixture,0.9326599326599329,equal_broad_class,descriptive_complete,0.6672710067851724
24,cezanne,True,0.20833333333333331,0.21200731449270308,-0.7272447920365568,24,"[-0.6699614138955989, -0.2276010224599433, 0.1372629104408288]",-0.22645680857799316,"equal broad classes and, for mixture, equal polarity within class",24,paul_cezanne,jpeg90_512,muted,0.2575757575757576,equal_broad_class,descriptive_complete,0.9086262737919851
24,cezanne,True,0.041666666666666664,3.8696473432552994,1.315088057695967,24,"[1.4881672399014019, 2.1473544730912866, 3.5398952212236225]",2.3042623995617824,"equal broad classes and, for mixture, equal polarity within class",24,paul_cezanne,jpeg90_512,vivid,0.06734006734006735,equal_broad_class,descriptive_complete,1.6220929343477903
48,cezanne,True,0.125,3.8696473432552994,-0.7272447920365568,48,"[-0.5073771693900827, 1.315088057695967, 2.720566136013986]",1.0389027954918948,"equal broad classes and, for mixture, equal polarity within class",48,paul_cezanne,jpeg90_512,equal_polarity_mixture,0.9393939393939394,equal_broad_class,descriptive_complete,0.7197259988767718
