after,after_energy,after_image_ids.n,after_reference_trace_ratio,before,before_energy,before_image_ids.n,before_reference_trace_ratio,distinct_briefs,energy_change,energy_term_changes.cross_twice,energy_term_changes.energy,energy_term_changes.generated_within,energy_term_changes.reference_within,excluded_pairs.n,generated_decomposition_ratios.between_brief_means,generated_decomposition_ratios.between_brief_within_class,generated_decomposition_ratios.between_class,generated_decomposition_ratios.total_trace,generated_decomposition_ratios.within_brief,generated_decomposition_ratios.within_class,generated_squared_iqr_sum_ratio,generated_total_trace_ratio,metric_view,n_pairs,n_reference,painter_id,pipeline,route,status,target.built,target.land,target.water
named,1.43982479604351,72,0.3541591126379694,artist_free,1.9840158616809704,72,1.0592425110316421,24,-0.5441910656374604,-3.26498731957445,-0.5441910656374604,-2.7207962539369897,0.0,0,0.33623289778974796,0.27721721372062685,0.6401258401651317,0.33435130194410206,0.327982974063469,0.29045764466909485,0.38547528207668746,0.334351301944102,original31,72,38,claude_monet,jpeg90_512,flux_2_max,descriptive,0.10526315789473684,0.34210526315789475,0.5526315789473685
named,0.8290030281895717,72,0.44167044628119234,artist_free,1.6941876896027512,72,0.9731603557954943,24,-0.8651846614131795,-2.4563648359129004,-0.8651846614131795,-1.591180174499721,0.0,0,0.4445312256295078,0.4116718162965293,0.65949600348671,0.4538516634498083,0.48145825384533814,0.4312241494917251,0.5998943015720922,0.45385166344980826,original31,72,32,paul_cezanne,jpeg90_512,flux_2_max,descriptive,0.34375,0.5625,0.09375
named,3.420628065666567,72,0.7965625710763615,artist_free,4.228570644350492,72,1.1513140900575694,24,-0.8079425786839245,-1.9697637815033566,-0.8079425786839245,-1.1618212028194321,0.0,0,0.6696689082526082,0.6301557804174984,0.8786524953482227,0.6918725115546276,0.7848442520454672,0.6643680716765709,0.8373639231549799,0.6918725115546278,original31,72,38,claude_monet,jpeg90_512,nano_banana_2,descriptive,0.10526315789473684,0.34210526315789475,0.5526315789473685
named,3.0025532465549816,72,0.6645322298333084,artist_free,4.77270295675109,72,1.524934482295602,24,-1.7701497101961081,-3.7486983815269,-1.7701497101961081,-1.9785486713307918,0.0,0,0.35805244646717643,0.35745984779268053,0.363342989809355,0.43577756129754297,0.6969694131574633,0.44187373564948185,0.5661860703973535,0.43577756129754286,original31,72,32,paul_cezanne,jpeg90_512,nano_banana_2,descriptive,0.34375,0.5625,0.09375
named,2.3916557676842523,72,0.49052410340593416,artist_free,2.5581079062197496,72,0.8715441385436073,24,-0.16645213853549734,-1.748730801429991,-0.16645213853549734,-1.5822786628944936,0.0,0,0.520669207508086,0.5075969340021075,0.56345365649371,0.5628218717936924,0.8786041716223282,0.5626574854599201,0.5040815776562384,0.5628218717936924,original31,72,38,claude_monet,jpeg90_512,oauth_gpt_image_2,descriptive,0.10526315789473684,0.34210526315789475,0.5526315789473685
named,1.9564384150318084,72,0.47439203111094275,artist_free,1.9971901349114605,72,0.7169902296953016,24,-0.04075171987965209,-0.9695747016015783,-0.04075171987965209,-0.9288229817219262,0.0,0,0.5925182520675434,0.5946499170220875,0.581025484637932,0.6616436479372173,1.1539063020380704,0.6744626393853766,0.5154579514739499,0.6616436479372174,original31,72,32,paul_cezanne,jpeg90_512,oauth_gpt_image_2,descriptive,0.34375,0.5625,0.09375
named,1.1564495420006216,72,0.370690603736079,artist_free,1.9978188941448938,72,1.108991046726757,24,-0.8413693521442722,-3.4647096639208286,-0.8413693521442722,-2.6233403117765564,0.0,0,0.3366386157083847,0.27568788607357353,0.6573250034747193,0.33425932953218235,0.3260827676349421,0.288650490792155,0.3946575315528834,0.33425932953218246,nonredundant28,72,38,claude_monet,jpeg90_512,flux_2_max,descriptive,0.10526315789473684,0.34210526315789475,0.5526315789473685
named,0.7419829384714798,72,0.428007630324012,artist_free,1.5459798427470082,72,0.9931050924232432,24,-0.8039969042755284,-2.399382079093497,-0.8039969042755284,-1.5953851748179688,0.0,0,0.43034815099649304,0.40026670717520696,0.6488330564576036,0.43097919202049867,0.43276914938130145,0.4095710882969441,0.6037690300274564,0.4309791920204986,nonredundant28,72,32,paul_cezanne,jpeg90_512,flux_2_max,descriptive,0.34375,0.5625,0.09375
named,3.232208848880287,72,0.8447129781025202,artist_free,4.186665350464542,72,1.210899179350241,24,-0.9544565015842554,-2.0628082921634743,-0.9544565015842554,-1.1083517905792188,0.0,0,0.6767702543423484,0.6327500999925022,0.9104174642460777,0.6975915026681134,0.7855765533988349,0.6662955364398682,0.8700309301038327,0.6975915026681136,nonredundant28,72,38,claude_monet,jpeg90_512,nano_banana_2,descriptive,0.10526315789473684,0.34210526315789475,0.5526315789473685
named,2.811564350872241,72,0.6907874638158674,artist_free,4.5697527855215405,72,1.5957905388268312,24,-1.7581884346492993,-3.691934902279243,-1.7581884346492993,-1.9337464676299438,0.0,0,0.35741414416455797,0.35764724475175996,0.35535619356787407,0.43288103733445493,0.6816428165978037,0.4394452114509316,0.5706092526553336,0.4328810373344549,nonredundant28,72,32,paul_cezanne,jpeg90_512,nano_banana_2,descriptive,0.34375,0.5625,0.09375
named,1.6310142437771145,72,0.5215712567402429,artist_free,2.423505533177737,72,0.9297119077342915,24,-0.7924912894006226,-2.351364107073362,-0.7924912894006226,-1.5588728176727393,0.0,0,0.5206249876610862,0.5066202411556554,0.5657235579176676,0.5610030939705961,0.8687680690011983,0.5597522822397011,0.5061198930630004,0.561003093970596,nonredundant28,72,38,claude_monet,jpeg90_512,oauth_gpt_image_2,descriptive,0.10526315789473684,0.34210526315789475,0.5526315789473685
named,1.6817971519631163,72,0.5020978408827887,artist_free,1.6296514326294567,72,0.734302477276557,24,0.052145719333659635,-0.7921785530000385,0.052145719333659635,-0.8443242723336981,0.0,0,0.6132767353606347,0.6190284632446952,0.5817633380100766,0.6837752239989868,1.1938974389424306,0.6997787718378115,0.5334766364250418,0.6837752239989869,nonredundant28,72,32,paul_cezanne,jpeg90_512,oauth_gpt_image_2,descriptive,0.34375,0.5625,0.09375
named,0.42892499125241335,72,0.39048412963139506,artist_free,0.6547769535909596,72,1.2445913570278992,24,-0.2258519623385462,-1.158174337636933,-0.2258519623385462,-0.9323223752983867,0.0,0,0.31610755565045173,0.2571721260569383,0.6321240216245598,0.3137448508110135,0.3053371275139876,0.2692158335975104,0.37248148541388054,0.3137448508110135,family_balanced31,72,38,claude_monet,jpeg90_512,flux_2_max,descriptive,0.10526315789473684,0.34210526315789475,0.5526315789473685
named,0.25579725240730955,72,0.48457489817271787,artist_free,0.5197587152569638,72,1.1310176592487657,24,-0.26396146284965427,-0.8134590293141857,-0.26396146284965427,-0.5494975664645314,0.0,0,0.4213945777185807,0.3898624395560051,0.6444010902671655,0.4284414962137531,0.44984827191473087,0.4062455890335444,0.5852218825707858,0.42844149621375305,family_balanced31,72,32,paul_cezanne,jpeg90_512,flux_2_max,descriptive,0.34375,0.5625,0.09375
named,1.0353631800338117,72,0.8705092137130527,artist_free,1.2623348880397107,72,1.2746946414885678,24,-0.22697170800589905,-0.6168922954607128,-0.22697170800589905,-0.3899205874548137,0.0,0,0.659769917396766,0.6099058226183816,0.9015735406054753,0.682915880697895,0.7822384810390675,0.6477186431826182,0.8176314386309904,0.6829158806978949,family_balanced31,72,38,claude_monet,jpeg90_512,nano_banana_2,descriptive,0.10526315789473684,0.34210526315789475,0.5526315789473685
named,0.8851937565153996,72,0.7167619754612572,artist_free,1.4368266839814918,72,1.6235249070539128,24,-0.5516329274660923,-1.1761248479983317,-0.5516329274660923,-0.6244919205322395,0.0,0,0.35541936541899316,0.35678610114116666,0.344157168538437,0.4414850504276592,0.7450344038073035,0.4504470162997549,0.5943188676101041,0.441485050427659,family_balanced31,72,32,paul_cezanne,jpeg90_512,nano_banana_2,descriptive,0.34375,0.5625,0.09375
named,0.707728557943035,72,0.5702494513702122,artist_free,0.7987790633720202,72,1.0219817461946719,24,-0.09105050542898518,-0.6226909957899052,-0.09105050542898518,-0.53164049036092,0.0,0,0.5164925998207848,0.5095249839597616,0.5375152716321296,0.5579839889445426,0.8721945446800561,0.5637536169251837,0.48913562979590114,0.5579839889445427,family_balanced31,72,38,claude_monet,jpeg90_512,oauth_gpt_image_2,descriptive,0.10526315789473684,0.34210526315789475,0.5526315789473685
named,0.5731382439338821,72,0.5513769127785716,artist_free,0.5923340950699314,72,0.7731570901888479,24,-0.01919585113604927,-0.28422136868467573,-0.01919585113604927,-0.26502551754862647,0.0,0,0.6417528315716369,0.6525413587645632,0.587926246597687,0.7131499145198222,1.2347765608607018,0.734706698825263,0.5526796476918929,0.7131499145198226,family_balanced31,72,32,paul_cezanne,jpeg90_512,oauth_gpt_image_2,descriptive,0.34375,0.5625,0.09375
named,1.1963717396756328,72,0.5250459157028873,artist_free,1.8996863565730209,72,1.7036671037136943,24,-0.7033146168973881,-3.220741853153946,-0.7033146168973881,-2.517427236256558,0.0,0,0.3137042015848384,0.2518405990214131,0.6530438890057498,0.308185745066263,0.2859978206723461,0.25960235667542075,0.3657201100725983,0.308185745066263,no_texture19,72,38,claude_monet,jpeg90_512,flux_2_max,descriptive,0.10526315789473684,0.34210526315789475,0.5526315789473685
named,0.6885857317555866,72,0.6809352123894888,artist_free,1.3408710887004567,72,1.6694151864191376,24,-0.6522853569448701,-2.2008678054393043,-0.6522853569448701,-1.5485824484944346,0.0,0,0.40835651103525766,0.3735693321565173,0.6616340764645444,0.40788847371760234,0.4063531655066432,0.3820096902581752,0.5443264485939924,0.40788847371760245,no_texture19,72,32,paul_cezanne,jpeg90_512,flux_2_max,descriptive,0.34375,0.5625,0.09375
named,2.195077601236438,72,1.1074074913258947,artist_free,2.2078330442982264,72,1.5331396135931792,24,-0.01275544306178844,-0.877869001154604,-0.01275544306178844,-0.8651135580928155,0.0,0,0.7003614412274342,0.6378220924895336,0.9662847338417581,0.7223135332929611,0.8292270372961227,0.6765444979269729,0.864031216498386,0.7223135332929613,no_texture19,72,38,claude_monet,jpeg90_512,nano_banana_2,descriptive,0.10526315789473684,0.34210526315789475,0.5526315789473685
named,1.8873886483307079,72,0.9455141521431786,artist_free,2.602732740526081,72,1.8965834618791588,24,-0.7153440921953731,-2.065233239077969,-0.7153440921953731,-1.349889146882596,0.0,0,0.3831071379770919,0.38658233384021135,0.35732099353514185,0.4985354829606871,1.0465839278175717,0.5138957996289398,0.6792707050819696,0.49853548296068717,no_texture19,72,32,paul_cezanne,jpeg90_512,nano_banana_2,descriptive,0.34375,0.5625,0.09375
named,1.410266989355537,72,0.7890923067100424,artist_free,1.7765243834217213,72,1.3843523142311844,24,-0.3662573940661842,-1.734237614266256,-0.3662573940661842,-1.3679802202000717,0.0,0,0.5306116341285204,0.5300534037762289,0.5321508150799789,0.5700082981753627,0.8730586029703026,0.5816722058689227,0.48919520315731857,0.5700082981753627,no_texture19,72,38,claude_monet,jpeg90_512,oauth_gpt_image_2,descriptive,0.10526315789473684,0.34210526315789475,0.5526315789473685
named,0.8926272903852257,72,0.8169580165153856,artist_free,1.1228254204612007,72,1.0010199149380858,24,-0.230198130075975,-0.7169315930879154,-0.230198130075975,-0.4867334630119404,0.0,0,0.7355743091564791,0.7581744286315345,0.6321366526526467,0.8161256377860528,1.4424683263249354,0.8508793569146471,0.6444047894052902,0.8161256377860526,no_texture19,72,32,paul_cezanne,jpeg90_512,oauth_gpt_image_2,descriptive,0.34375,0.5625,0.09375
named,1.365147708504911,72,0.35416445144525543,artist_free,1.9897943381803191,72,1.0706697404675867,24,-0.6246466296754081,-3.4101701229566856,-0.6246466296754081,-2.7855234932812776,0.0,0,0.3372870563657263,0.28165264320003436,0.625854460595471,0.33078776588061926,0.3087760813648821,0.2887172041301565,0.40086978184274147,0.33078776588061926,original31,72,38,claude_monet,primary512,flux_2_max,descriptive,0.10526315789473684,0.34210526315789475,0.5526315789473685
named,0.8042271552395124,72,0.49219698083340946,artist_free,1.6998206324066887,72,1.0690364289281602,24,-0.8955934771671763,-2.49230828599946,-0.8955934771671763,-1.5967148088322838,0.0,0,0.45069265221648686,0.41838378990355285,0.6510872098190638,0.4604117946915028,0.4886033590950482,0.43845859072848,0.5969790178669274,0.4604117946915028,original31,72,32,paul_cezanne,primary512,flux_2_max,descriptive,0.34375,0.5625,0.09375
named,3.341794030653217,72,0.7562861555126688,artist_free,4.188022894610847,72,1.0855345521173452,24,-0.8462288639576299,-1.9852810926401787,-0.8462288639576299,-1.1390522286825489,0.0,0,0.6849160678406453,0.6431509172090536,0.9050103535024563,0.696694687458382,0.7491566270061226,0.6654979760592299,0.8542763359735775,0.6966946874583823,original31,72,38,claude_monet,primary512,nano_banana_2,descriptive,0.10526315789473684,0.34210526315789475,0.5526315789473685
named,2.886117829743317,72,0.7158270702391837,artist_free,4.703695053887675,72,1.5353188347116506,24,-1.8175772241443582,-3.656598982493966,-1.8175772241443582,-1.839021758349607,0.0,0,0.37764542399164175,0.3760698858240407,0.39202601981565,0.46624001090537237,0.7859991171720858,0.47245903185616256,0.5725874026944942,0.4662400109053724,original31,72,32,paul_cezanne,primary512,nano_banana_2,descriptive,0.34375,0.5625,0.09375
named,2.3329709827857243,72,0.47809865081304537,artist_free,2.5668537219235965,72,0.8633279916959657,24,-0.23388273913787216,-1.8652176476193052,-0.23388273913787216,-1.631334908481433,0.0,0,0.5115450129128375,0.49612418908374584,0.5624834337826975,0.5537856474152355,0.8697886766703846,0.5515430492896651,0.4984114799244854,0.5537856474152354,original31,72,38,claude_monet,primary512,oauth_gpt_image_2,descriptive,0.10526315789473684,0.34210526315789475,0.5526315789473685
named,1.8844684839878978,72,0.5122888937138464,artist_free,1.9405232066228466,72,0.7865334067311824,24,-0.05605472263494882,-1.0222815485616277,-0.05605472263494882,-0.9662268259266789,0.0,0,0.583098868646795,0.5792215327531582,0.604634588503883,0.6513250287014625,1.1390945308529223,0.6585403363048761,0.496365710913323,0.6513250287014625,original31,72,32,paul_cezanne,primary512,oauth_gpt_image_2,descriptive,0.34375,0.5625,0.09375
named,1.0894196423474671,72,0.36939782684745764,artist_free,1.998204984449515,72,1.108760079716888,24,-0.908785342102048,-3.58461223877131,-0.908785342102048,-2.675826896669262,0.0,0,0.34043861604383135,0.2824162966618336,0.646654719334143,0.3331629931533792,0.3082526876924338,0.2890779074371981,0.4066642146654953,0.33316299315337916,nonredundant28,72,38,claude_monet,primary512,flux_2_max,descriptive,0.10526315789473684,0.34210526315789475,0.5526315789473685
named,0.7331002611452444,72,0.4745973413591987,artist_free,1.5505374418529003,72,1.0841345042669475,24,-0.8174371807076559,-2.4211833180193327,-0.8174371807076559,-1.6037461373116768,0.0,0,0.4369785959283032,0.40798080292436867,0.6344600724159885,0.4377661069648404,0.43995391500183,0.4173230398058726,0.5981919955579328,0.43776610696484036,nonredundant28,72,32,paul_cezanne,primary512,flux_2_max,descriptive,0.34375,0.5625,0.09375
named,3.185475725333143,72,0.7931435829625721,artist_free,4.148020852082067,72,1.1284059825131263,24,-0.9625451267489238,-2.049569071961015,-0.9625451267489238,-1.0870239452120911,0.0,0,0.6928285076358065,0.6462724662669884,0.9392275794590434,0.7028884951461569,0.7482481722231774,0.6675512373166526,0.8869916386848427,0.7028884951461571,nonredundant28,72,38,claude_monet,primary512,nano_banana_2,descriptive,0.10526315789473684,0.34210526315789475,0.5526315789473685
named,2.73910183091549,72,0.7360828863214774,artist_free,4.545814619869398,72,1.5881709392838332,24,-1.8067127889539076,-3.6050087073091834,-1.8067127889539076,-1.7982959183552767,0.0,0,0.37664829123069904,0.37584186292968513,0.38392163715962424,0.4634783751007338,0.771236008327191,0.47019428621764553,0.5767877492120377,0.4634783751007339,nonredundant28,72,32,paul_cezanne,primary512,nano_banana_2,descriptive,0.34375,0.5625,0.09375
named,1.6696487023941788,72,0.5040020351275057,artist_free,2.4513262943145238,72,0.9112800074548564,24,-0.7816775919203449,-2.384623885680739,-0.7816775919203449,-1.602946293760394,0.0,0,0.5122920944036782,0.4966447824400225,0.5629947558085431,0.5530704404842036,0.862787439935973,0.5504578439299264,0.4981980515140056,0.5530704404842036,nonredundant28,72,38,claude_monet,primary512,oauth_gpt_image_2,descriptive,0.10526315789473684,0.34210526315789475,0.5526315789473685
named,1.6842970360522544,72,0.5375878315408167,artist_free,1.6343954209865306,72,0.7995573315855888,24,0.04990161506572388,-0.8349067443567009,0.04990161506572388,-0.8848083594224248,0.0,0,0.6031610136227182,0.6042422989985584,0.5971263568513892,0.6723568283399206,1.1709151446982715,0.6839407409135325,0.5125408764727806,0.6723568283399206,nonredundant28,72,32,paul_cezanne,primary512,oauth_gpt_image_2,descriptive,0.34375,0.5625,0.09375
named,0.40762672945662204,72,0.39138877622083995,artist_free,0.657543964139359,72,1.252693734473048,24,-0.24991723468273697,-1.1994870219862617,-0.24991723468273697,-0.9495697873035247,0.0,0,0.31743612428084667,0.2609287507517632,0.622383376790724,0.31243772156765814,0.2944507664414807,0.26923456652343314,0.3895697993293017,0.31243772156765803,family_balanced31,72,38,claude_monet,primary512,flux_2_max,descriptive,0.10526315789473684,0.34210526315789475,0.5526315789473685
named,0.24964392919513378,72,0.5340360293819011,artist_free,0.5202721210041417,72,1.2191738573214732,24,-0.2706281918090079,-0.8176717304245735,-0.2706281918090079,-0.5470435386155656,0.0,0,0.4309105552424072,0.39941673557181634,0.6426053907257583,0.4380310701175785,0.45915613340331046,0.4160917068870047,0.5821696610662114,0.4380310701175787,family_balanced31,72,32,paul_cezanne,primary512,flux_2_max,descriptive,0.34375,0.5625,0.09375
named,1.0123275703242818,72,0.834445847064297,artist_free,1.2486458529271376,72,1.2062047313980173,24,-0.2363182826028558,-0.6143277520282417,-0.2363182826028558,-0.37800946942538594,0.0,0,0.6775853739400644,0.6251867184006173,0.9308832003242999,0.691794539801843,0.7555545110369765,0.6528181620958454,0.8366220234334657,0.691794539801843,family_balanced31,72,38,claude_monet,primary512,nano_banana_2,descriptive,0.10526315789473684,0.34210526315789475,0.5526315789473685
named,0.8511211617877605,72,0.765745589223719,artist_free,1.4178555050812913,72,1.635397854085862,24,-0.5667343432935308,-1.1514403387948837,-0.5667343432935308,-0.5847059955013529,0.0,0,0.3719579237095694,0.3725194824255996,0.36725126878593917,0.46823198851006653,0.827792069725799,0.4775019444266368,0.6013640228361803,0.46823198851006664,family_balanced31,72,32,paul_cezanne,primary512,nano_banana_2,descriptive,0.34375,0.5625,0.09375
named,0.6906950350804186,72,0.5559725488518549,artist_free,0.8009277656215832,72,1.009718733891458,24,-0.11023273054116456,-0.6552706076906594,-0.11023273054116456,-0.5450378771494948,0.0,0,0.5090363811081422,0.5000280756973795,0.5364126772967243,0.5506212078576929,0.8645603563348263,0.5545967131924849,0.48644215802261315,0.5506212078576928,family_balanced31,72,38,claude_monet,primary512,oauth_gpt_image_2,descriptive,0.10526315789473684,0.34210526315789475,0.5526315789473685
named,0.5530105881361829,72,0.5872483840035125,artist_free,0.5755442261198647,72,0.8342048257177366,24,-0.022533637983681798,-0.29740377616521263,-0.022533637983681798,-0.27487013818153083,0.0,0,0.6328227631942487,0.6376528025428608,0.6080420921169547,0.703961863920235,1.2245607579793254,0.7200335104385317,0.5350207412276727,0.7039618639202349,family_balanced31,72,32,paul_cezanne,primary512,oauth_gpt_image_2,descriptive,0.34375,0.5625,0.09375
named,1.1257084267541426,72,0.5317744460810159,artist_free,1.891083715607616,72,1.711644528554353,24,-0.7653752888534733,-3.2960868081674395,-0.7653752888534733,-2.530711519313966,0.0,0,0.31397227695676305,0.2518555948477975,0.6569732042930799,0.31068042295566484,0.2968804322117317,0.26175251378125364,0.38226281867955647,0.31068042295566484,no_texture19,72,38,claude_monet,primary512,flux_2_max,descriptive,0.10526315789473684,0.34210526315789475,0.5526315789473685
named,0.667865899561471,72,0.6961385654548887,artist_free,1.2879558784998295,72,1.6438292944782043,24,-0.6200899789383585,-2.129804586134057,-0.6200899789383585,-1.5097146071956984,0.0,0,0.42280324948069853,0.38556949916215755,0.6834482705135085,0.4234859226522434,0.4256652811698864,0.39613951167014316,0.5493209073337715,0.42348592265224344,no_texture19,72,32,paul_cezanne,primary512,flux_2_max,descriptive,0.34375,0.5625,0.09375
named,2.1075094441299083,72,1.1013867480456767,artist_free,2.1250517450080615,72,1.4798949404370731,24,-0.017542300878153227,-0.8174965470292967,-0.017542300878153227,-0.7999542461511435,0.0,0,0.725353706469077,0.6606275177358336,0.9997813825214513,0.7442330654366537,0.8339705728688214,0.6963972919621084,0.8930239605543185,0.7442330654366535,no_texture19,72,38,claude_monet,primary512,nano_banana_2,descriptive,0.10526315789473684,0.34210526315789475,0.5526315789473685
named,1.7069346550275006,72,0.9440422172807436,artist_free,2.4670207141994043,72,1.8582511505919894,24,-0.7600860591719036,-2.0811164155609934,-0.7600860591719036,-1.3210303563890897,0.0,0,0.38881842825731666,0.39147005733202606,0.36894001872728505,0.508027247544013,1.057559110761584,0.5229190609258085,0.6902848471316633,0.508027247544013,no_texture19,72,32,paul_cezanne,primary512,nano_banana_2,descriptive,0.34375,0.5625,0.09375
named,1.3905060142511747,72,0.7695117514929175,artist_free,1.7498071714551093,72,1.3679638820756344,24,-0.35930115720393463,-1.7637878594953964,-0.35930115720393463,-1.4044867022914618,0.0,0,0.52371012787191,0.520462798037239,0.532672706810904,0.5625234420117325,0.8580770137953395,0.5716976674791643,0.4897127095605487,0.5625234420117324,no_texture19,72,38,claude_monet,primary512,oauth_gpt_image_2,descriptive,0.10526315789473684,0.34210526315789475,0.5526315789473685
named,0.8587577234394752,72,0.8043288747377514,artist_free,1.032337869483054,72,0.9881487190279814,24,-0.17358014604357885,-0.6668310854853647,-0.17358014604357885,-0.4932509394417859,0.0,0,0.7324424085880292,0.7497558795464405,0.651961070388662,0.8139755274175233,1.4378038076722115,0.8440521368881709,0.6265212324602232,0.8139755274175235,no_texture19,72,32,paul_cezanne,primary512,oauth_gpt_image_2,descriptive,0.34375,0.5625,0.09375
named,1.3021227554992736,72,0.3902877048634789,artist_free,1.4979627037191596,72,1.0963267346482264,24,-0.19583994821988604,-2.579657393811006,-0.19583994821988604,-2.38381744559112,0.0,0,0.35407257718801993,0.3031656487659682,0.6766121388954408,0.3559957926125999,0.3635459764066751,0.31691764328902017,0.3758690950923319,0.35599579261259995,original31,72,38,claude_monet,resolution256,flux_2_max,descriptive,0.10526315789473684,0.34210526315789475,0.5526315789473685
named,0.8493015981309049,72,0.5183225859655186,artist_free,1.867732968676112,72,1.1400458869448253,24,-1.018431370545207,-2.6439212289134986,-1.018431370545207,-1.6254898583682915,0.0,0,0.4537343369308138,0.41446520229330686,0.745771423570415,0.45465063459380173,0.4574450948796055,0.4261183938055423,0.6111160521392452,0.4546506345938019,original31,72,32,paul_cezanne,resolution256,flux_2_max,descriptive,0.34375,0.5625,0.09375
named,3.182593146263324,72,0.8314232818828357,artist_free,4.040950632102892,72,1.240636223441658,24,-0.8583574858395684,-1.986685357201626,-0.8583574858395684,-1.1283278713620577,0.0,0,0.6721327335055471,0.6611380113302981,0.7590636602795734,0.6701587993105492,0.6640864180800392,0.661928280337179,0.8655352718663175,0.6701587993105492,original31,72,38,claude_monet,resolution256,nano_banana_2,descriptive,0.10526315789473684,0.34210526315789475,0.5526315789473685
named,3.4539147852667025,72,0.7998149640456876,artist_free,4.7972353626688395,72,1.86504223549558,24,-1.343320577402137,-3.3179281536898184,-1.343320577402137,-1.9746075762876814,0.0,0,0.36169067344798084,0.35943898690470355,0.38657417107775754,0.42884549680622136,0.5892256868678367,0.4314715186303774,0.5845372935877535,0.4288454968062213,original31,72,32,paul_cezanne,resolution256,nano_banana_2,descriptive,0.34375,0.5625,0.09375
named,1.769202983164183,72,0.4362902308046924,artist_free,1.7520821253440895,72,0.6872426709421208,24,0.017120857820093427,-1.011449001442621,0.017120857820093427,-1.0285698592627144,0.0,0,0.5851672155748109,0.5428489863459283,0.8070296271244255,0.6348415912629449,0.977744485361188,0.6068301513827311,0.5832211914904255,0.6348415912629449,original31,72,38,claude_monet,resolution256,oauth_gpt_image_2,descriptive,0.10526315789473684,0.34210526315789475,0.5526315789473685
named,1.631223293819355,72,0.4463387352226915,artist_free,2.1424637964833035,72,0.7197396311349347,24,-0.5112405026639486,-1.427366834936791,-0.5112405026639486,-0.9161263322728423,0.0,0,0.5336775828230309,0.5170320131532044,0.662728044053691,0.6201391668802148,1.2569474082510093,0.6153759731240735,0.5002296831901212,0.6201391668802149,original31,72,32,paul_cezanne,resolution256,oauth_gpt_image_2,descriptive,0.34375,0.5625,0.09375
named,1.1593658083123426,72,0.3863664002224379,artist_free,1.5141919034049458,72,1.1064078290983628,24,-0.3548260950926032,-2.672190976081735,-0.3548260950926032,-2.317364880989132,0.0,0,0.346552254631309,0.2897619235848448,0.7288305156729723,0.34920794128625865,0.35977770975302564,0.30544203633177,0.3688831084392037,0.3492079412862586,nonredundant28,72,38,claude_monet,resolution256,flux_2_max,descriptive,0.10526315789473684,0.34210526315789475,0.5526315789473685
named,0.8055128362848087,72,0.48661603587262703,artist_free,1.7615360408236374,72,1.121759051659125,24,-0.9560232045388286,-2.5623498971492573,-0.9560232045388286,-1.6063266926104287,0.0,0,0.4342596487890598,0.3961535105008253,0.7592365340838623,0.43379728931351447,0.4324387371315093,0.4061496517876286,0.6164191821266406,0.4337972893135145,nonredundant28,72,32,paul_cezanne,resolution256,flux_2_max,descriptive,0.34375,0.5625,0.09375
named,3.214410932696298,72,0.8350479897891542,artist_free,4.097763492550029,72,1.2517591926026073,24,-0.8833525598537308,-1.984526714752306,-0.8833525598537308,-1.1011741548985752,0.0,0,0.6780811679298011,0.6629242593097764,0.8036321464748466,0.6670995465613127,0.6336834020856251,0.6550535219075121,0.8968677098199661,0.6670995465613127,nonredundant28,72,38,claude_monet,resolution256,nano_banana_2,descriptive,0.10526315789473684,0.34210526315789475,0.5526315789473685
named,3.353349486784108,72,0.7994567628781805,artist_free,4.656576359884298,72,1.8807053612856512,24,-1.30322687310019,-3.2045659026239193,-1.30322687310019,-1.9013390295237294,0.0,0,0.36405760797169906,0.3627817731288377,0.3782951591756161,0.425083470986477,0.5641739920225569,0.4279201014334562,0.5742748526759562,0.42508347098647675,nonredundant28,72,32,paul_cezanne,resolution256,nano_banana_2,descriptive,0.34375,0.5625,0.09375
named,1.4521483575858882,72,0.43923017260025504,artist_free,1.7545615405836452,72,0.698118672141157,24,-0.302413182997757,-1.3160474988708284,-0.302413182997757,-1.0136343158730714,0.0,0,0.5837160208181176,0.5363800481736364,0.8288126083794751,0.6291626196633863,0.9479119877497871,0.596209609810248,0.5811584269394866,0.6291626196633863,nonredundant28,72,38,claude_monet,resolution256,oauth_gpt_image_2,descriptive,0.10526315789473684,0.34210526315789475,0.5526315789473685
named,1.530233652941861,72,0.4455864222589704,artist_free,1.920972670978652,72,0.688659857511654,24,-0.3907390180367911,-1.1967215565284306,-0.3907390180367911,-0.8059825384916395,0.0,0,0.5606787963415044,0.5473188334003468,0.6675377180317735,0.6470341161876563,1.2533504334614216,0.6448246902816145,0.5231174861831318,0.6470341161876563,nonredundant28,72,32,paul_cezanne,resolution256,oauth_gpt_image_2,descriptive,0.34375,0.5625,0.09375
named,0.3832998314974325,72,0.41066606567018366,artist_free,0.47291219730965395,72,1.2149123751336202,24,-0.08961236581222143,-0.88864757557702,-0.08961236581222143,-0.7990352097647986,0.0,0,0.33516402536325485,0.2823798104985203,0.7002823019093666,0.33802113969331926,0.3496207995129404,0.2971674002103868,0.36544775799556134,0.3380211396933192,family_balanced31,72,38,claude_monet,resolution256,flux_2_max,descriptive,0.10526315789473684,0.34210526315789475,0.5526315789473685
named,0.26344651464084334,72,0.538337094011162,artist_free,0.5612279117120456,72,1.2508852188709954,24,-0.2977813970712022,-0.8513083811577062,-0.2977813970712022,-0.5535269840865038,0.0,0,0.42700378628009295,0.38929701140483675,0.7454903799146342,0.43036490150315,0.44080896350014015,0.4029303612270698,0.6020319061272493,0.4303649015031499,family_balanced31,72,32,paul_cezanne,resolution256,flux_2_max,descriptive,0.34375,0.5625,0.09375
named,0.9628483297073558,72,0.8251848723682538,artist_free,1.1680563875052914,72,1.2545826219354679,24,-0.2052080577979356,-0.5780753235586422,-0.2052080577979356,-0.3728672657607066,0.0,0,0.6595609755412843,0.6418111687913763,0.7946254167883525,0.6577365714624882,0.652094816423942,0.644565820490199,0.8442281773022086,0.6577365714624883,family_balanced31,72,38,claude_monet,resolution256,nano_banana_2,descriptive,0.10526315789473684,0.34210526315789475,0.5526315789473685
named,1.033279426096743,72,0.8082727508051377,artist_free,1.4325747368208708,72,1.830579010407217,24,-0.3992953107241277,-1.0047514290613844,-0.3992953107241277,-0.6054561183372567,0.0,0,0.3630279840648281,0.3630593562473382,0.3626987855253869,0.44153939611999343,0.6368990929033076,0.44675638625514164,0.6145245335305022,0.44153939611999343,family_balanced31,72,32,paul_cezanne,resolution256,nano_banana_2,descriptive,0.34375,0.5625,0.09375
named,0.5291699134691625,72,0.4655418444061274,artist_free,0.5044138330781078,72,0.7217379172776486,24,0.024756080391054702,-0.2955237708964793,0.024756080391054702,-0.320279851287534,0.0,0,0.594654273826825,0.5551512755932866,0.7888112416524664,0.6450289409237674,0.9927505155597535,0.6201182111699118,0.5774580036657386,0.6450289409237674,family_balanced31,72,38,claude_monet,resolution256,oauth_gpt_image_2,descriptive,0.10526315789473684,0.34210526315789475,0.5526315789473685
named,0.47502914922672956,72,0.4741101961220984,artist_free,0.6253672194943811,72,0.7130634152233499,24,-0.15033807026765156,-0.40915636177831205,-0.15033807026765156,-0.25881829151066027,0.0,0,0.571884111078753,0.556825549770655,0.6870897165326335,0.6648920502724079,1.3489574800852913,0.6623772066220126,0.5305052528314068,0.6648920502724079,family_balanced31,72,32,paul_cezanne,resolution256,oauth_gpt_image_2,descriptive,0.34375,0.5625,0.09375
named,1.0156604773537374,72,0.4664795600077919,artist_free,1.3228715072230903,72,1.3813142100183118,24,-0.3072110298693529,-2.4062541540570734,-0.3072110298693529,-2.0990431241877205,0.0,0,0.3342274684078456,0.2725393382589058,0.7879072092704169,0.33770705942539175,0.352660213535156,0.2892905048149588,0.3547662760180302,0.33770705942539164,no_texture19,72,38,claude_monet,resolution256,flux_2_max,descriptive,0.10526315789473684,0.34210526315789475,0.5526315789473685
named,0.6913821634359447,72,0.605330111376602,artist_free,1.2112079388880064,72,1.4863441143897675,24,-0.5198257754520617,-2.035345317225781,-0.5198257754520617,-1.5155195417737195,0.0,0,0.3984787533213809,0.35934664940537225,0.7617041522964056,0.4072610814119084,0.4361692503794488,0.37869014529295814,0.5711479994100347,0.40726108141190837,no_texture19,72,32,paul_cezanne,resolution256,flux_2_max,descriptive,0.34375,0.5625,0.09375
named,2.1221774011569634,72,0.7711007505089373,artist_free,1.706239700926421,72,1.0868189259258512,24,0.41593770023054244,-0.34707270899204623,0.41593770023054244,-0.7630104092225887,0.0,0,0.714093810206092,0.677293612386923,0.9697831653140392,0.7095025050764951,0.692615879977775,0.6809286096918113,0.9098922455855485,0.7095025050764953,no_texture19,72,38,claude_monet,resolution256,nano_banana_2,descriptive,0.10526315789473684,0.34210526315789475,0.5526315789473685
named,2.120056649234019,72,0.8068648269240328,artist_free,2.333681483647614,72,1.4894325478671464,24,-0.21362483441359492,-1.3282362763414,-0.21362483441359492,-1.114611441927805,0.0,0,0.41188998763077467,0.41502650052301665,0.38182769061349664,0.5417263293188105,1.016276389132888,0.5545381403565517,0.7374181722288001,0.5417263293188106,no_texture19,72,32,paul_cezanne,resolution256,nano_banana_2,descriptive,0.34375,0.5625,0.09375
named,1.3568863240178022,72,0.5160198577681147,artist_free,0.955581291822428,72,0.7593522680896014,24,0.40130503219537417,-0.33224484280908406,0.40130503219537417,-0.7335498750044582,0.0,0,0.6322362107725641,0.588624983931736,0.8244019555496627,0.6795526654135519,1.0101562626741425,0.6515900171572994,0.5959605842252172,0.6795526654135519,no_texture19,72,38,claude_monet,resolution256,oauth_gpt_image_2,descriptive,0.10526315789473684,0.34210526315789475,0.5526315789473685
named,0.7744820823870024,72,0.5513316602762061,artist_free,0.988918146522578,72,0.72120616424136,24,-0.2144360641355756,-0.6921068253643732,-0.2144360641355756,-0.4776707612287976,0.0,0,0.6579029133430894,0.6403014304975742,0.787989374783972,0.7644577758929088,1.5298777750610837,0.7617083476713091,0.5862908831657018,0.7644577758929091,no_texture19,72,32,paul_cezanne,resolution256,oauth_gpt_image_2,descriptive,0.34375,0.5625,0.09375
