attempt_count,attempts,known_cost_usd,observed,observed.format,observed.height,observed.image_bytes,observed.image_sha256,observed.minimum_512,observed.mode,observed.reported.background,observed.reported.model,observed.reported.output_format,observed.reported.quality,observed.reported.size,observed.square_1024,observed.width,pending_attempts,request_id,response_path,response_sha256,selected_attempt,selected_terminal_event_sha256,sequence,status,stored_response_sha256,unknown_cost
1,"[{""attempt"": 1, ""cost_usd"": 0.0, ""event_sha256"": ""9be659598d13cc8f1d125602b069144f1bccae0b1acd9217247fe3bf2011d978"", ""status"": ""image_returned""}]",0.0,,PNG,1142,3238026,5e417150e69c95ca8616d462b26a52c270f24db01578df829471984d34118f30,True,RGB,opaque,,png,low,1377x1142,False,1377,[],prv2:built_houses:r01:free:vivid,research_workspace/painter_responsiveness_v2/prv2-oauth-20260908/responses/0000-a1.json.gz,b0ca56d319b65f099be1ba4d0bdd7ecf90dcfa7e7e6f149520454562f8ac63a0,1,9be659598d13cc8f1d125602b069144f1bccae0b1acd9217247fe3bf2011d978,0,image_returned,0bdea53fc324230fa8e74cf488da95e89a2ab3133e30834fa37930c844ba5fd4,False
1,"[{""attempt"": 1, ""cost_usd"": 0.0, ""event_sha256"": ""addbf8aa28097d6b4b6ea2306bd84c0140256aa7196f96247aae737a8389cb5c"", ""status"": ""image_returned""}]",0.0,,PNG,1162,3172893,9ca330c102421078c49efbb8282218ea7812d88a3ec01bb9d40389a8e585a5fb,True,RGB,opaque,,png,low,1353x1162,False,1353,[],prv2:built_houses:r01:generic:vivid,research_workspace/painter_responsiveness_v2/prv2-oauth-20260908/responses/0001-a1.json.gz,73ca70a2036eaf0cf8b18f17ffe51d1d0e074b9b1341438c66e83c35b658e553,1,addbf8aa28097d6b4b6ea2306bd84c0140256aa7196f96247aae737a8389cb5c,1,image_returned,97ed977f3f1cc94a39ea17824386687133f915a3d47d55ebbf7beed42c05023b,False
1,"[{""attempt"": 1, ""cost_usd"": 0.0, ""event_sha256"": ""2d5315590f4162924b3e5134c4217a62db09f5105a51ee297efa5a6745c3b9b2"", ""status"": ""image_returned""}]",0.0,,PNG,1142,3271692,a26dc699a82b96dcf8ebe1fd579adaa4e03cff0691bfe098c2ce20812ca6615c,True,RGB,opaque,,png,low,1377x1142,False,1377,[],prv2:built_houses:r01:monet:vivid,research_workspace/painter_responsiveness_v2/prv2-oauth-20260908/responses/0002-a1.json.gz,0101e994e8d5dd4c7cc6214f28196c9aa2eac2f4810137e3fb2ec913117c19aa,1,2d5315590f4162924b3e5134c4217a62db09f5105a51ee297efa5a6745c3b9b2,2,image_returned,557a2ef006f966972b5c03d9f3960df541a4d2a9533839effbfe0330e5ac6275,False
1,"[{""attempt"": 1, ""cost_usd"": 0.0, ""event_sha256"": ""01eae84ce5377e981319739cfd5c66bafb1d0d2d7e8bd155fb05e7e71d69048b"", ""status"": ""image_returned""}]",0.0,,PNG,1160,3053272,297570bc0ee810d07de8e39807acb1badc08e647e9386b88094c9e9f976e780f,True,RGB,opaque,,png,low,1356x1160,False,1356,[],prv2:built_houses:r01:free:muted,research_workspace/painter_responsiveness_v2/prv2-oauth-20260908/responses/0003-a1.json.gz,d959b9ae4dd47cf39d00a6bcbf0f2208dfe8d1336d23851ffba5e2e0cc9df762,1,01eae84ce5377e981319739cfd5c66bafb1d0d2d7e8bd155fb05e7e71d69048b,3,image_returned,a330902ab8f4f6f9556418d13a0b8fe1f4fc9b4969ffa9bf089a11249e2f6b90,False
1,"[{""attempt"": 1, ""cost_usd"": 0.0, ""event_sha256"": ""47399e1c10f76ec271aebfac8a0215b89ab2c63e62098efc31a45751b941aa19"", ""status"": ""image_returned""}]",0.0,,PNG,1122,2917056,1b8ac5dab66a42a1c76d21fadac60b8ebec35e29e2ae28d269766d2c19457ee3,True,RGB,opaque,,png,low,1402x1122,False,1402,[],prv2:built_houses:r01:cezanne:vivid,research_workspace/painter_responsiveness_v2/prv2-oauth-20260908/responses/0004-a1.json.gz,5e9bdaebfe9c89986434b576b5a52a0ed78545b07ddf20124a2373fa652b4c10,1,47399e1c10f76ec271aebfac8a0215b89ab2c63e62098efc31a45751b941aa19,4,image_returned,0f4af99e2d17017d751eab1e2a144df4995a91f26309ea1ddfac9e5d465b4ebd,False
1,"[{""attempt"": 1, ""cost_usd"": 0.0, ""event_sha256"": ""38201caa06322f7e47c84038366e6dabf95d2114cbf1febee8a8fc6d830da0bd"", ""status"": ""image_returned""}]",0.0,,PNG,1122,2470250,0618cbf6c716a41934aa52092f373b365367d283a02669d38c315b34eb36a026,True,RGB,opaque,,png,low,1402x1122,False,1402,[],prv2:built_houses:r01:cezanne:muted,research_workspace/painter_responsiveness_v2/prv2-oauth-20260908/responses/0005-a1.json.gz,04f4f7ad91b147cb1718e49cb11597a4943df229fb3e017154ae6ebf30d52240,1,38201caa06322f7e47c84038366e6dabf95d2114cbf1febee8a8fc6d830da0bd,5,image_returned,61e407985d408a42d993d4229f22998d8aa216d81c3a6ef135cc0b3a422be470,False
1,"[{""attempt"": 1, ""cost_usd"": 0.0, ""event_sha256"": ""646df70e3ea9d75b4213e4bf65dd1ed975d00f823c77a14baa93e4aa43761a41"", ""status"": ""image_returned""}]",0.0,,PNG,1122,2581687,f4e070f64a2f70cfadda207ca3f9b9674a0f06a73ffd8a7e5d1bb7c507503600,True,RGB,opaque,,png,low,1402x1122,False,1402,[],prv2:built_houses:r01:generic:muted,research_workspace/painter_responsiveness_v2/prv2-oauth-20260908/responses/0006-a1.json.gz,b9cf283ba6b0ebd240d1a8884854e73fa77b0118472ce1fc970a1feeffacb27d,1,646df70e3ea9d75b4213e4bf65dd1ed975d00f823c77a14baa93e4aa43761a41,6,image_returned,970ee8097bbd6af2b8b44bd0765aec9dbb4ff4d66455df838d9b8fe146927fb7,False
1,"[{""attempt"": 1, ""cost_usd"": 0.0, ""event_sha256"": ""f118a38f882004cbb35bbd4cd1acfb666ae60fabd31ebc24f12efd37b9a992e0"", ""status"": ""image_returned""}]",0.0,,PNG,1121,2809310,ce2c9c9450f4c4ae3521294804f1b384d5cbbac368bcfa6f9cd724ca7c916a92,True,RGB,opaque,,png,low,1403x1121,False,1403,[],prv2:built_houses:r01:monet:muted,research_workspace/painter_responsiveness_v2/prv2-oauth-20260908/responses/0007-a1.json.gz,9a8ca09c3545596a50fc971d8401ec9370e29a36a847b31eb4b84da75336da9b,1,f118a38f882004cbb35bbd4cd1acfb666ae60fabd31ebc24f12efd37b9a992e0,7,image_returned,3cb117b2dad406d1041fa55e2915871142e32a4699ffd66ce1528240fdde29f7,False
1,"[{""attempt"": 1, ""cost_usd"": 0.0, ""event_sha256"": ""56ad82032c9b7d79339c8b2f90009fc7a95666dcfad6d976e77c9979db74dff4"", ""status"": ""image_returned""}]",0.0,,PNG,1120,2501606,46970e1fa4dea066f3c52ea78129e0f2b09561f8fcc79cd0e959943cd015417a,True,RGB,opaque,,png,low,1404x1120,False,1404,[],prv2:land_fields:r02:generic:muted,research_workspace/painter_responsiveness_v2/prv2-oauth-20260908/responses/0008-a1.json.gz,a2c34704ffd53074311bb96a1d651e40c1ef30cd4fc5c92f92cbdd52f4abdea5,1,56ad82032c9b7d79339c8b2f90009fc7a95666dcfad6d976e77c9979db74dff4,8,image_returned,5e29440d1a2dd80ca62345ad90683d559ab0637591d279712e24009c3838284d,False
1,"[{""attempt"": 1, ""cost_usd"": 0.0, ""event_sha256"": ""0a7be6c280250732b8a56c006c0422ce79f74ffd2e7647c3aebb15b35fb05787"", ""status"": ""image_returned""}]",0.0,,PNG,1124,2300204,75d897f5fb7b5b07871c73ce4730c104cc6b3170c437b304ec99c6f4534b65af,True,RGB,opaque,,png,low,1399x1124,False,1399,[],prv2:land_fields:r02:cezanne:muted,research_workspace/painter_responsiveness_v2/prv2-oauth-20260908/responses/0009-a1.json.gz,736b4c874c69a0868a84f1c0f0d8effb6bdbe67a17d2917a6dbc8110e74e975d,1,0a7be6c280250732b8a56c006c0422ce79f74ffd2e7647c3aebb15b35fb05787,9,image_returned,300682cd8224bc8613dd90700a007349c08f1235de87c2765c5fcbb0f8279c01,False
1,"[{""attempt"": 1, ""cost_usd"": 0.0, ""event_sha256"": ""ff11d479b3a2f1261d975ebee5de19ce4e7d27c7a0d056235637b607dc82dab8"", ""status"": ""image_returned""}]",0.0,,PNG,1120,2863582,86391cb3aaef0d5c500c8a0054c3ef6d95b002f232d85ba4a61fca08e9ff3826,True,RGB,opaque,,png,low,1405x1120,False,1405,[],prv2:land_fields:r02:cezanne:vivid,research_workspace/painter_responsiveness_v2/prv2-oauth-20260908/responses/0010-a1.json.gz,04a6f43d6da4811be8aab08166d5779e974dd560db5ef11edc6f4532165305f3,1,ff11d479b3a2f1261d975ebee5de19ce4e7d27c7a0d056235637b607dc82dab8,10,image_returned,beee29978ff8119aeac84643e4f401a6eb2ce20c80fba35e7a36d7a2fb8b18a8,False
1,"[{""attempt"": 1, ""cost_usd"": 0.0, ""event_sha256"": ""28808625017ab4f1bec39e3fe64f162f8d5a2e1721e7d324f43a835d609271d2"", ""status"": ""image_returned""}]",0.0,,PNG,1120,3339078,d128d7f961e2e54b183421dafd30dae650a01ac55e75fcfe7321cdc4df4cceab,True,RGB,opaque,,png,low,1404x1120,False,1404,[],prv2:land_fields:r02:monet:vivid,research_workspace/painter_responsiveness_v2/prv2-oauth-20260908/responses/0011-a1.json.gz,458476e5599ca029f35abe561ef1b3aee7d07819baf85ccaa71a0fc364eda378,1,28808625017ab4f1bec39e3fe64f162f8d5a2e1721e7d324f43a835d609271d2,11,image_returned,a74b17258e88ce5eca34b4d5cc2365a9fa2abfa2dfa04fc95a8984f26037c338,False
1,"[{""attempt"": 1, ""cost_usd"": 0.0, ""event_sha256"": ""5f47e7f04e518066d59f814bbf9a2508168126cc9b8519fea7eafae0c249b5f9"", ""status"": ""image_returned""}]",0.0,,PNG,1131,3000121,e9f07f93ccd913fee146332534a1cff7fd652903d0303524294b94d6118d4dab,True,RGB,opaque,,png,low,1391x1131,False,1391,[],prv2:land_fields:r02:generic:vivid,research_workspace/painter_responsiveness_v2/prv2-oauth-20260908/responses/0012-a1.json.gz,8cf10cdf71823c1b3715827ed9e15098b447afefcb4821b030030179f438b782,1,5f47e7f04e518066d59f814bbf9a2508168126cc9b8519fea7eafae0c249b5f9,12,image_returned,17b61104329b420e49e8283aba9932a443ef90b89594222678739973c2ad07cb,False
1,"[{""attempt"": 1, ""cost_usd"": 0.0, ""event_sha256"": ""b9288ac6275123fc137f66ecbc9bb10984e85af01bd0775599d7591377abe89f"", ""status"": ""image_returned""}]",0.0,,PNG,1118,2773626,99ccf1cc8c0e594679805d52291425d827c9fdec48f4af28732b565a66652ed2,True,RGB,opaque,,png,low,1407x1118,False,1407,[],prv2:land_fields:r02:free:muted,research_workspace/painter_responsiveness_v2/prv2-oauth-20260908/responses/0013-a1.json.gz,a172bec0850e0545f0b58ee0526525fe656339a3f077033be3036bea0f4b2673,1,b9288ac6275123fc137f66ecbc9bb10984e85af01bd0775599d7591377abe89f,13,image_returned,f6d3ba322372eaaebd95ace77d4998c7b21ee79a065d83c94ec6ab7464bd8eeb,False
1,"[{""attempt"": 1, ""cost_usd"": 0.0, ""event_sha256"": ""20f2c2230dd6b4b7118770a02446d57876327094c6f13c0d37813be8feeec8df"", ""status"": ""image_returned""}]",0.0,,PNG,1118,2591256,93e43215f402a2e79f90649fca1133590a73c79e7d56d4e42d196d573605f9d4,True,RGB,opaque,,png,low,1407x1118,False,1407,[],prv2:land_fields:r02:monet:muted,research_workspace/painter_responsiveness_v2/prv2-oauth-20260908/responses/0014-a1.json.gz,f7dc308fad6d29ec210936130ce8d9b2529dd1237130de5322d2ea1f45f5c415,1,20f2c2230dd6b4b7118770a02446d57876327094c6f13c0d37813be8feeec8df,14,image_returned,593e0f1ecaff2def3b4c212dc5f3ffe15f439554a5b02ab77cc6103d647466a7,False
1,"[{""attempt"": 1, ""cost_usd"": 0.0, ""event_sha256"": ""c1b253f4d141953eda5816b56752e73bf5d1335be6a9b7785e3724d5462bf582"", ""status"": ""image_returned""}]",0.0,,PNG,1122,3084993,6cb8c023ca9ec6ff038eb5de4258860a802101723bb819e5822ac21a4983a2e9,True,RGB,opaque,,png,low,1402x1122,False,1402,[],prv2:land_fields:r02:free:vivid,research_workspace/painter_responsiveness_v2/prv2-oauth-20260908/responses/0015-a1.json.gz,a2c3987b6b2074675c0d3a493a8291de5a68ea82e54cff106dea38d6f6dba9a6,1,c1b253f4d141953eda5816b56752e73bf5d1335be6a9b7785e3724d5462bf582,15,image_returned,2b0af1d0da0116d62ffaca327fedc92b7e91d00df6bbe99a62d2a39cc92bcc56,False
1,"[{""attempt"": 1, ""cost_usd"": 0.0, ""event_sha256"": ""e457fe78ed8eb98490b72a06121bc044e9423e156fcd237e71a01bfe9dc2ef35"", ""status"": ""image_returned""}]",0.0,,PNG,1122,3434628,4ad1725cf5a22758e9e5b355a7f8bedc2dc16a017893187a38b732c0ec420f59,True,RGB,opaque,,png,low,1402x1122,False,1402,[],prv2:water_bend:r01:monet:vivid,research_workspace/painter_responsiveness_v2/prv2-oauth-20260908/responses/0016-a1.json.gz,d3d836808bbb33d427370c756665acf40469b6f9581bf2199fbafadeafcec720,1,e457fe78ed8eb98490b72a06121bc044e9423e156fcd237e71a01bfe9dc2ef35,16,image_returned,db414b9a027da59390ff90267988f9beeff25d26d08f5c270245b9f6eeb6c37c,False
1,"[{""attempt"": 1, ""cost_usd"": 0.0, ""event_sha256"": ""e49fe646c570b72cd1dd4599e58f5845dd0bb1d3dc8f67cbe9596d4a57140d72"", ""status"": ""image_returned""}]",0.0,,PNG,1120,3038944,e028899e41c9f57880304477e1c08d7de023e9ccba6984ff7949502d6f0e7b9a,True,RGB,opaque,,png,low,1405x1120,False,1405,[],prv2:water_bend:r01:generic:vivid,research_workspace/painter_responsiveness_v2/prv2-oauth-20260908/responses/0017-a1.json.gz,2ef57232289464b416212d2d3088b9a190d8438af70eeb8febf6e202758b7844,1,e49fe646c570b72cd1dd4599e58f5845dd0bb1d3dc8f67cbe9596d4a57140d72,17,image_returned,0c9dadd810bc1e19e46130d6db821f78b272be697979caba4d732b00e27c3beb,False
1,"[{""attempt"": 1, ""cost_usd"": 0.0, ""event_sha256"": ""1e460cb053d5cbfc65d65d458ba6272674ad6fe15f4700decd0d9499829ac504"", ""status"": ""image_returned""}]",0.0,,PNG,1122,3402066,fc7058cd1450aecbfc025e268288e5aeb74c99e22948e7c4c67641f9f12b7455,True,RGB,opaque,,png,low,1402x1122,False,1402,[],prv2:water_bend:r01:free:vivid,research_workspace/painter_responsiveness_v2/prv2-oauth-20260908/responses/0018-a1.json.gz,3bef77beb56607141647e4f7e7d9b20e9943eb862e530049315779a844c5237b,1,1e460cb053d5cbfc65d65d458ba6272674ad6fe15f4700decd0d9499829ac504,18,image_returned,d2ada159ee7b6858b0321d0b1f33d20e934f78e0343cf1c7a851597dfd821df6,False
1,"[{""attempt"": 1, ""cost_usd"": 0.0, ""event_sha256"": ""a17846395dfdc8e34b0bdb9763902b7c3e4c76e1ab4d75f88ea6c1eabf9e96af"", ""status"": ""image_returned""}]",0.0,,PNG,1131,2372368,bf033ee0b3d52036c9a228a8cde821e2d404f7a43a7941c30d4dc68616a2634c,True,RGB,opaque,,png,low,1391x1131,False,1391,[],prv2:water_bend:r01:cezanne:muted,research_workspace/painter_responsiveness_v2/prv2-oauth-20260908/responses/0019-a1.json.gz,51f7ed4145b07fe4dfe3126eb4307f70a446cd06f7dc7b8a6e8371395ca109ea,1,a17846395dfdc8e34b0bdb9763902b7c3e4c76e1ab4d75f88ea6c1eabf9e96af,19,image_returned,0a3706208696ee92c31e10ce16f425689ecc8333969c924761f962301bfdb96b,False
1,"[{""attempt"": 1, ""cost_usd"": 0.0, ""event_sha256"": ""f7f23e2a6a328d39eabe915e0b149ae476aac28081a953a423a9a59576328c91"", ""status"": ""image_returned""}]",0.0,,PNG,1124,3048400,cd688e19b2b04929d28f4d7d934796f8349b5bc46f339b0be387a7f322955760,True,RGB,opaque,,png,low,1399x1124,False,1399,[],prv2:water_bend:r01:cezanne:vivid,research_workspace/painter_responsiveness_v2/prv2-oauth-20260908/responses/0020-a1.json.gz,4d317ba5d00547b0f8c44ebe32c168403b1efdb062e5dd23888bd69eeb90fa45,1,f7f23e2a6a328d39eabe915e0b149ae476aac28081a953a423a9a59576328c91,20,image_returned,b76018439fc8cfab5987fccc12cb9ebec58061267e737152baf8c0d066e4bd32,False
1,"[{""attempt"": 1, ""cost_usd"": 0.0, ""event_sha256"": ""a0b3817a301894b7a904ab392d5bd2de7bd7a600380fbb2b4561201d8e92d261"", ""status"": ""image_returned""}]",0.0,,PNG,1121,2550680,68b351d8d78d6dee8c1b042941b0b2dfaf37da87ba19f75a6d602a01da44a9e6,True,RGB,opaque,,png,low,1403x1121,False,1403,[],prv2:water_bend:r01:monet:muted,research_workspace/painter_responsiveness_v2/prv2-oauth-20260908/responses/0021-a1.json.gz,6abe0bd2af94229a921fbb7af883e03537e19b36470db79fc2ff97cf476ee88a,1,a0b3817a301894b7a904ab392d5bd2de7bd7a600380fbb2b4561201d8e92d261,21,image_returned,a0d3b705f88aafd8c64eaf74b7eecdc0046119d7be18b9630b8f663fcca4ab09,False
1,"[{""attempt"": 1, ""cost_usd"": 0.0, ""event_sha256"": ""8dda6f1e49bd6e7ae9d3e5dd42ebc786c56371776c152d07fdd03bd531e4894f"", ""status"": ""image_returned""}]",0.0,,PNG,1122,2749424,c290396b47822fa486eacd1f312c898348c82345167537141bce5939dde487cd,True,RGB,opaque,,png,low,1402x1122,False,1402,[],prv2:water_bend:r01:free:muted,research_workspace/painter_responsiveness_v2/prv2-oauth-20260908/responses/0022-a1.json.gz,fcbdee5a6eae1a401a51c2b1be37026aea354e8b86c7a95cd1f16add11931517,1,8dda6f1e49bd6e7ae9d3e5dd42ebc786c56371776c152d07fdd03bd531e4894f,22,image_returned,da1a6b5ace9b39be03542bab116c8d37fa84b62ea9116690015bddd45f7d081e,False
1,"[{""attempt"": 1, ""cost_usd"": 0.0, ""event_sha256"": ""ebe383a53d664753d21ca6010f1b3c5fb7084239f4d150592ee61a204e9fc6f0"", ""status"": ""image_returned""}]",0.0,,PNG,1120,2453000,250bed3e350d6e7d6a34797c69e9b7cc220d46776b999dfa67382810e5d6c7ec,True,RGB,opaque,,png,low,1405x1120,False,1405,[],prv2:water_bend:r01:generic:muted,research_workspace/painter_responsiveness_v2/prv2-oauth-20260908/responses/0023-a1.json.gz,b868da25e3d2b9cbda394fde2c906db068861ede4433dc14e4ea942e969dfc07,1,ebe383a53d664753d21ca6010f1b3c5fb7084239f4d150592ee61a204e9fc6f0,23,image_returned,9b71cd4e44a596ef90a04e017386b54f4523f127813ebf5f6fcf6d661383f3af,False
1,"[{""attempt"": 1, ""cost_usd"": 0.0, ""event_sha256"": ""b340cac08f719ff5e1076b52fa3cd3e4dbaa9a513c19185e722dd4b332a7f92f"", ""status"": ""image_returned""}]",0.0,,PNG,1122,2536027,f33b9c86d159902d1662f9ec5900305167ea832fd459a06e39f083b560ece305,True,RGB,opaque,,png,low,1402x1122,False,1402,[],prv2:built_village:r02:generic:muted,research_workspace/painter_responsiveness_v2/prv2-oauth-20260908/responses/0024-a1.json.gz,b32ac9363ce2b39aed11ff1f5febc3b786f48ec3e2e7263bb14228d7932a885c,1,b340cac08f719ff5e1076b52fa3cd3e4dbaa9a513c19185e722dd4b332a7f92f,24,image_returned,34144fe99fece004ec644c8435e60fddbdcb632b95059046b49e873380380639,False
1,"[{""attempt"": 1, ""cost_usd"": 0.0, ""event_sha256"": ""e249bf71f6ad562a4de284802167346f5e3355e3e496fe49c596e6afcb8fc553"", ""status"": ""image_returned""}]",0.0,,PNG,1130,2658275,b43518401384a0669db0c7c2b4522e3e6431aff633a1c0a9c7d8516abade9441,True,RGB,opaque,,png,low,1392x1130,False,1392,[],prv2:built_village:r02:cezanne:muted,research_workspace/painter_responsiveness_v2/prv2-oauth-20260908/responses/0025-a1.json.gz,c1bb450d3a516823344332b9558ffc6e69746edd5d3a9480b3ba959e49e8d568,1,e249bf71f6ad562a4de284802167346f5e3355e3e496fe49c596e6afcb8fc553,25,image_returned,cff7fd719f130a8121d046dc3689bc597aa0847124161803604475120d43a085,False
1,"[{""attempt"": 1, ""cost_usd"": 0.0, ""event_sha256"": ""4bb45f691f2cf283b1b41b7dff3696664daaee8e85ecb52082d54d31381fd5d4"", ""status"": ""image_returned""}]",0.0,,PNG,1122,2665779,1155cb4b42c5bdf7df0cb531f2dfa73cae2ca43cded2cdd6710a0c2f193a4fdb,True,RGB,opaque,,png,low,1402x1122,False,1402,[],prv2:built_village:r02:monet:muted,research_workspace/painter_responsiveness_v2/prv2-oauth-20260908/responses/0026-a1.json.gz,6b5ebf5398ffae244166765984e739d8bc89d789ffc9a86df7f3c1cd0737f3c4,1,4bb45f691f2cf283b1b41b7dff3696664daaee8e85ecb52082d54d31381fd5d4,26,image_returned,e20359f5d9c2ad2db7af9f65b3662af5424359c5112f6b25184aeb41130616e8,False
1,"[{""attempt"": 1, ""cost_usd"": 0.0, ""event_sha256"": ""c5143c03ce9a77c41880db3e517a959f6f1e031d1350c3f8ff85b87879369992"", ""status"": ""image_returned""}]",0.0,,PNG,1122,3394772,d68bc17b5d5cd6d0c9692debed1d6579d85a007277468176b30a5c019238a95f,True,RGB,opaque,,png,low,1402x1122,False,1402,[],prv2:built_village:r02:free:vivid,research_workspace/painter_responsiveness_v2/prv2-oauth-20260908/responses/0027-a1.json.gz,075662580eae201494f4c6b76db5568cc661c7a4206629b71e4d6938fabb4eef,1,c5143c03ce9a77c41880db3e517a959f6f1e031d1350c3f8ff85b87879369992,27,image_returned,e8896b001dbe77238be3be77b0720c60805771a9a00c0cc7a00fedcc00cdce0e,False
1,"[{""attempt"": 1, ""cost_usd"": 0.0, ""event_sha256"": ""9a60407be29b6b0664b2b317f42d80a57a134602b4b1dbb230811bafdbb6dff0"", ""status"": ""image_returned""}]",0.0,,PNG,1123,2928069,84a7703698290ade0a2b12087dba3189a6fa5933ae6e128d4b0e4a8565ceadb2,True,RGB,opaque,,png,low,1401x1123,False,1401,[],prv2:built_village:r02:generic:vivid,research_workspace/painter_responsiveness_v2/prv2-oauth-20260908/responses/0028-a1.json.gz,3863b2861ca6dfb01b8d0b09ec730f7f919d240700a1dfbcf5a9a61566edf8c7,1,9a60407be29b6b0664b2b317f42d80a57a134602b4b1dbb230811bafdbb6dff0,28,image_returned,97cdd9bef9d98e167ccfc247b6032b8c1b42536f175055222b4c4d14bc066c31,False
1,"[{""attempt"": 1, ""cost_usd"": 0.0, ""event_sha256"": ""0ed336bfac176e4629da1f713e8e21a9a98ca6da6c92cb40afee89840ad8e295"", ""status"": ""image_returned""}]",0.0,,PNG,1122,3317840,a455be48bb83ea1cdf17f3b37603237966f28f77a7574cac4a83f704e519e291,True,RGB,opaque,,png,low,1402x1122,False,1402,[],prv2:built_village:r02:monet:vivid,research_workspace/painter_responsiveness_v2/prv2-oauth-20260908/responses/0029-a1.json.gz,ee2b74853829ae2789cd68805efbc712e0692166a45b95876bfe75653e53c18c,1,0ed336bfac176e4629da1f713e8e21a9a98ca6da6c92cb40afee89840ad8e295,29,image_returned,ed025c160ae2734a2b88054b9117fa96a7d4b923df7eb0186eb9624140cf59dc,False
1,"[{""attempt"": 1, ""cost_usd"": 0.0, ""event_sha256"": ""e0835b05be8d05c1a95468eb478cd8e6ce52e27d86fb14330c821a091592b1bc"", ""status"": ""image_returned""}]",0.0,,PNG,1125,2863471,3c02d86df6acf41553d965e3092e110bdcf4bcee7af22741060ac6c572baea6a,True,RGB,opaque,,png,low,1398x1125,False,1398,[],prv2:built_village:r02:cezanne:vivid,research_workspace/painter_responsiveness_v2/prv2-oauth-20260908/responses/0030-a1.json.gz,99aff05c77c765879ea38b89de8c269460fb8ca8c104cabd7128eedc14504613,1,e0835b05be8d05c1a95468eb478cd8e6ce52e27d86fb14330c821a091592b1bc,30,image_returned,e4d916702d9591d0f314f11d6b253dd38783fda855c2aaae95b7c2d70ad538b7,False
1,"[{""attempt"": 1, ""cost_usd"": 0.0, ""event_sha256"": ""57e8a53e7fdd759a510a15a9d6543b562f822586853a88c5506cfdcdeb5bc493"", ""status"": ""image_returned""}]",0.0,,PNG,1142,2859948,ad5a6d5dbde4f9ac4c6bf5f4286e2ffc8bdeed878e7b6b644b54d0c3030d6a85,True,RGB,opaque,,png,low,1377x1142,False,1377,[],prv2:built_village:r02:free:muted,research_workspace/painter_responsiveness_v2/prv2-oauth-20260908/responses/0031-a1.json.gz,e6e2cc1ade053509d8b7947282040c2ce96d9399287d71315345f7cca72c001a,1,57e8a53e7fdd759a510a15a9d6543b562f822586853a88c5506cfdcdeb5bc493,31,image_returned,c4fbe310419b6d4ddc206cb6fdd06c10e472d391dc962db0a4990713972c8d49,False
1,"[{""attempt"": 1, ""cost_usd"": 0.0, ""event_sha256"": ""375925ad95b9af587f273c582d80b73c432ab64554bf1beaaf9d8ccf6ef8b991"", ""status"": ""image_returned""}]",0.0,,PNG,1132,2407752,a23ea979af0ddabe47455f0ae46a78c584b6edfd68b4532427ffb786dc810c0f,True,RGB,opaque,,png,low,1389x1132,False,1389,[],prv2:built_houses:r02:cezanne:muted,research_workspace/painter_responsiveness_v2/prv2-oauth-20260908/responses/0032-a1.json.gz,b20fb7d1fa0064e37d5f3a5f3162f33d86f51410832f0fda83580163a61eceea,1,375925ad95b9af587f273c582d80b73c432ab64554bf1beaaf9d8ccf6ef8b991,32,image_returned,d43b75d8788a4de70e7407c807effc427c628b83a8131c37a8bbb03a70c8cbc0,False
1,"[{""attempt"": 1, ""cost_usd"": 0.0, ""event_sha256"": ""2bacc84eeb22763f145f444c7eade43a2697867960e505bbd72c628b8a4937d3"", ""status"": ""http_error""}]",0.0,,,,,,,,,,,,,,,[],prv2:built_houses:r02:free:muted,,,,,33,http_error,,False
1,"[{""attempt"": 1, ""cost_usd"": 0.0, ""event_sha256"": ""92ff0acefbccf99b17041c8aace143406e3cda2b2b2e31416f96835e81cc0577"", ""status"": ""image_returned""}]",0.0,,PNG,1122,2778406,649dff520a94311cfd836351d5189871ca56a4d05cbc22269ebc32ad061b810a,True,RGB,opaque,,png,low,1402x1122,False,1402,[],prv2:built_houses:r02:generic:muted,research_workspace/painter_responsiveness_v2/prv2-oauth-20260908/responses/0034-a1.json.gz,8255bcf6c44e1690ea14b4e3a72168a26b8c8577fe47b0ea238bb2eabcf016e1,1,92ff0acefbccf99b17041c8aace143406e3cda2b2b2e31416f96835e81cc0577,34,image_returned,f46bd25052a54da5bb142d515922fa3e1b53587999b2a201962ad5c9ca48f797,False
1,"[{""attempt"": 1, ""cost_usd"": 0.0, ""event_sha256"": ""883449fbea50369e76d9f7f1e0f07443099c2441725cc459c4fcfd2d803a9908"", ""status"": ""image_returned""}]",0.0,,PNG,1117,3266078,be96339b3b40cca3c7c4f0e4e2441a9c5d205e23e679bef443bc5a4433943fa2,True,RGB,opaque,,png,low,1408x1117,False,1408,[],prv2:built_houses:r02:generic:vivid,research_workspace/painter_responsiveness_v2/prv2-oauth-20260908/responses/0035-a1.json.gz,bed756eb82f39a854424e0eb792d7fd4423057247565146078fa783bd711bfe8,1,883449fbea50369e76d9f7f1e0f07443099c2441725cc459c4fcfd2d803a9908,35,image_returned,777075cd8b4f0089fe9894d0d51cc9dffe4b0414609f9d57d6f39e7394af86f8,False
1,"[{""attempt"": 1, ""cost_usd"": 0.0, ""event_sha256"": ""3aea6ccb9d77c246d9dba96731a2d31b9b16069d31ed215ac892ea3e6b5f37e9"", ""status"": ""image_returned""}]",0.0,,PNG,1125,3288509,d8b9acfbaf231a75d064f763fbebbd0cf95534f12ab18890bd4ebb6c031a5ad4,True,RGB,opaque,,png,low,1398x1125,False,1398,[],prv2:built_houses:r02:monet:vivid,research_workspace/painter_responsiveness_v2/prv2-oauth-20260908/responses/0036-a1.json.gz,a44e7a9d6d88eabd8e0c18dca30c2b96c351002c3599b8e19462d598f53abf8b,1,3aea6ccb9d77c246d9dba96731a2d31b9b16069d31ed215ac892ea3e6b5f37e9,36,image_returned,f2943f2c839ec8cfd28977fddf98d52809c3e93489abbf41b6d2025dc6471cbe,False
1,"[{""attempt"": 1, ""cost_usd"": 0.0, ""event_sha256"": ""82c5433a219f7d26ab73e0fd53d9ec82eace5ecc4cc0064f34ccb3f3ef63c12d"", ""status"": ""image_returned""}]",0.0,,PNG,1162,3127107,d197d9f446abf0802c15805d0698f4eb00471711a67868273c1453630da6bc13,True,RGB,opaque,,png,low,1354x1162,False,1354,[],prv2:built_houses:r02:free:vivid,research_workspace/painter_responsiveness_v2/prv2-oauth-20260908/responses/0037-a1.json.gz,2f736ebba3118acf1a3124d4464fde8d70527000b23ba7d2375f8bbfe4522d0e,1,82c5433a219f7d26ab73e0fd53d9ec82eace5ecc4cc0064f34ccb3f3ef63c12d,37,image_returned,bc57e8be5b46a3d576385b04ffa6330c49c131e3b0ae188d3169b9d20f19bd93,False
1,"[{""attempt"": 1, ""cost_usd"": 0.0, ""event_sha256"": ""1bd5a2f8c717ecaa40d4156c444a1819fd1c0b6f0acf54fbb43fd1effbeab142"", ""status"": ""image_returned""}]",0.0,,PNG,1121,2702894,77dcccd83381dbae0f8dd8d0af3786c784610d8aa7e7df0c11a62e6ad87df90c,True,RGB,opaque,,png,low,1403x1121,False,1403,[],prv2:built_houses:r02:cezanne:vivid,research_workspace/painter_responsiveness_v2/prv2-oauth-20260908/responses/0038-a1.json.gz,99ebac046589f103c61a7f1fef1d7a9fa1475b4f62ab58091b9988cd6df215a5,1,1bd5a2f8c717ecaa40d4156c444a1819fd1c0b6f0acf54fbb43fd1effbeab142,38,image_returned,535fd5d2d8b4ec66d58b135545cf03faa98dfa79702bf36f937b789e8c17363a,False
1,"[{""attempt"": 1, ""cost_usd"": 0.0, ""event_sha256"": ""fabba77c8d5a74f38095d4a8fc7e4ed1be686077eb5caf9efad607c4899c8091"", ""status"": ""image_returned""}]",0.0,,PNG,1122,2694517,6d7b0771fd3b2173ac66f21ccecdb0d56aba27cddb944e63ac4ab87924097922,True,RGB,opaque,,png,low,1402x1122,False,1402,[],prv2:built_houses:r02:monet:muted,research_workspace/painter_responsiveness_v2/prv2-oauth-20260908/responses/0039-a1.json.gz,1d17dc416a989f8ff189b4e629bee4d3860a42a1a1f313c0020893c08888d266,1,fabba77c8d5a74f38095d4a8fc7e4ed1be686077eb5caf9efad607c4899c8091,39,image_returned,93e49ae67cf10bd06c8be4d0ee5d80e699257e0e24b824a08344ef6490712b32,False
1,"[{""attempt"": 1, ""cost_usd"": 0.0, ""event_sha256"": ""104cfc09b7963e46a0a0c3180fdb76c342a9f8d2d1c5a49b1cb81936dc1dd52a"", ""status"": ""image_returned""}]",0.0,,PNG,1122,3246217,d452551f6efef10d55532bbcdd6c84d3cfd41834356c37cee7efd17dac2f1868,True,RGB,opaque,,png,low,1402x1122,False,1402,[],prv2:land_fields:r00:monet:vivid,research_workspace/painter_responsiveness_v2/prv2-oauth-20260908/responses/0040-a1.json.gz,6dd613a311ef9c7d1a8b0c8bb84ce26f06184d2a62478916b384a9cc96219ade,1,104cfc09b7963e46a0a0c3180fdb76c342a9f8d2d1c5a49b1cb81936dc1dd52a,40,image_returned,12b2b8e50e886da2fc192ac770c8ed7eafa09744d5e44585f052fdc5640a664e,False
1,"[{""attempt"": 1, ""cost_usd"": 0.0, ""event_sha256"": ""1037a28c4d3032c6f126ad75708f4f4d9d63a8d926bbb0f8d83f6bcee58d1758"", ""status"": ""image_returned""}]",0.0,,PNG,1119,3258926,42004e0a0cb04dcb506910de9ee5339e2514f99a02ad8a91a4478f812c2362b4,True,RGB,opaque,,png,low,1405x1119,False,1405,[],prv2:land_fields:r00:free:vivid,research_workspace/painter_responsiveness_v2/prv2-oauth-20260908/responses/0041-a1.json.gz,abfcfea67a2206793a71c20a9aa8d30bb974622364001e0cb13a63db11d2ed9d,1,1037a28c4d3032c6f126ad75708f4f4d9d63a8d926bbb0f8d83f6bcee58d1758,41,image_returned,518312529e3d18a0024bed902c0674e0d997cf9a96eff1a6aa2fd4a8fcb1a050,False
1,"[{""attempt"": 1, ""cost_usd"": 0.0, ""event_sha256"": ""d3a84334f81a44d4aaa51ade80c1de1bc28be1f7c0c6848099c5c90c2608219c"", ""status"": ""image_returned""}]",0.0,,PNG,1120,2423673,ed0f362fa18f149b349539e8ca89016a6c14fdb66a03429f52d1b261bf8e39cb,True,RGB,opaque,,png,low,1405x1120,False,1405,[],prv2:land_fields:r00:free:muted,research_workspace/painter_responsiveness_v2/prv2-oauth-20260908/responses/0042-a1.json.gz,4418ad60b66b91a94d5e3bd3f6abaf58b5009d0e3b248a654223de8f86547575,1,d3a84334f81a44d4aaa51ade80c1de1bc28be1f7c0c6848099c5c90c2608219c,42,image_returned,98ff6ea24d9d9ad8ec4e74148a72899cfe06c79a5a581719e140790f2cf26734,False
1,"[{""attempt"": 1, ""cost_usd"": 0.0, ""event_sha256"": ""d404b9621275a76e71ba0d659b1f911b0883a3e66c906b071485cee4a7336901"", ""status"": ""image_returned""}]",0.0,,PNG,1125,2584542,7f9954545ac654015be8e0b3126ceae48ef16d0e86e7711acb1ee7edd03905d6,True,RGB,opaque,,png,low,1398x1125,False,1398,[],prv2:land_fields:r00:cezanne:muted,research_workspace/painter_responsiveness_v2/prv2-oauth-20260908/responses/0043-a1.json.gz,8f8124b9a13d70f098725be8edb46ea3386385732eae90da9f4bdbbf2c1d94c4,1,d404b9621275a76e71ba0d659b1f911b0883a3e66c906b071485cee4a7336901,43,image_returned,1be211668dc0440959bde3c6c306c74682cf4e712aa9b2c522b6ea4868980781,False
1,"[{""attempt"": 1, ""cost_usd"": 0.0, ""event_sha256"": ""89ce6c68ec48e970ce08a9427314077d0e18c8c6bdbfb078fa1422dd387fcfd3"", ""status"": ""image_returned""}]",0.0,,PNG,1120,2622704,00fbb30a35cfbd0adba6517a37e7cb1147add8c1c630b54da345a4fda9ecbabe,True,RGB,opaque,,png,low,1405x1120,False,1405,[],prv2:land_fields:r00:generic:muted,research_workspace/painter_responsiveness_v2/prv2-oauth-20260908/responses/0044-a1.json.gz,a05db1e36872f3c5076e8a67ed9e352e67157716167988bc41231867d45d1e6f,1,89ce6c68ec48e970ce08a9427314077d0e18c8c6bdbfb078fa1422dd387fcfd3,44,image_returned,1fd651ff57fc4b4c37ec9653d76795e996cd85ac36971e6c2ba29d5f81b4f1da,False
1,"[{""attempt"": 1, ""cost_usd"": 0.0, ""event_sha256"": ""ad8d28c6a54ce7ccabf15c04938230efed9ba0d3fbcfa281b1e8fe0fc03d7b4c"", ""status"": ""image_returned""}]",0.0,,PNG,1122,2806538,fa5c36b5eb96fdf2a4d59d9d9240898fee3d24c869200cc94ef5eec13afacd17,True,RGB,opaque,,png,low,1402x1122,False,1402,[],prv2:land_fields:r00:cezanne:vivid,research_workspace/painter_responsiveness_v2/prv2-oauth-20260908/responses/0045-a1.json.gz,3d58cb203ea1a9e8fa61694e208444231557574ec62c298c039cc2e3da2626c9,1,ad8d28c6a54ce7ccabf15c04938230efed9ba0d3fbcfa281b1e8fe0fc03d7b4c,45,image_returned,a54ee46135a2c3cbf7826b79546a63e722188b6dfc49cff1f2f7335557f8fe5e,False
1,"[{""attempt"": 1, ""cost_usd"": 0.0, ""event_sha256"": ""3a6a8352cda10337d9d1db0ff03f1580f4a47a6c61542aed737b5c7a054f1a7d"", ""status"": ""image_returned""}]",0.0,,PNG,1122,3005480,2e093df9f2db405a57b99436fd4f589da35e13c1fab4d05f678e3cae75b4af64,True,RGB,opaque,,png,low,1402x1122,False,1402,[],prv2:land_fields:r00:generic:vivid,research_workspace/painter_responsiveness_v2/prv2-oauth-20260908/responses/0046-a1.json.gz,a04ae27c40f0c3597fd7e22fbcc49059096da50b77226abcbf41f0e1464a1818,1,3a6a8352cda10337d9d1db0ff03f1580f4a47a6c61542aed737b5c7a054f1a7d,46,image_returned,64dae2a2ae5e8706d52b2534b6acca56f2df566b4e5784886e8c0d3e79f893bf,False
1,"[{""attempt"": 1, ""cost_usd"": 0.0, ""event_sha256"": ""10edc96e7166f710d2a312470e153825aceb633f3e4a444520832f5979e937f5"", ""status"": ""image_returned""}]",0.0,,PNG,1120,2569308,dace141818959c4e4aa8cfe34f1d18b1929c97e6d6cd8ceb100deaadb9d8a028,True,RGB,opaque,,png,low,1404x1120,False,1404,[],prv2:land_fields:r00:monet:muted,research_workspace/painter_responsiveness_v2/prv2-oauth-20260908/responses/0047-a1.json.gz,ed930acc07f6ea9dc4c090297008a4bdc4af2ff10d5fd868df8d90691468f84e,1,10edc96e7166f710d2a312470e153825aceb633f3e4a444520832f5979e937f5,47,image_returned,bb27da5fe8b5ec1a393806e4059659e6db1c15a18912bb01685beebce3b7add3,False
1,"[{""attempt"": 1, ""cost_usd"": 0.0, ""event_sha256"": ""3b8aa68accbba9a16f8b37865903593a59ad8df87a153b6a788db3d39a524544"", ""status"": ""image_returned""}]",0.0,,PNG,1121,2803857,0e78484f0238e5081b88c47eac3d5a9def1f6089a910aa01e31be1662d070dc6,True,RGB,opaque,,png,low,1403x1121,False,1403,[],prv2:land_fields:r01:cezanne:vivid,research_workspace/painter_responsiveness_v2/prv2-oauth-20260908/responses/0048-a1.json.gz,4e54d2bdd0c569bd9012e8e44b696b45b870206457a6873a649f631e43ddb521,1,3b8aa68accbba9a16f8b37865903593a59ad8df87a153b6a788db3d39a524544,48,image_returned,59646858126f7e04cecc02bfe3540793b41937e6207747d1827d8c04f2778768,False
1,"[{""attempt"": 1, ""cost_usd"": 0.0, ""event_sha256"": ""7e7a00eb47f533a0cb2520101a70f1b6e51fe639028a254d3557fcefa51ddb00"", ""status"": ""image_returned""}]",0.0,,PNG,1120,2629952,f9d8766f3b4d344756a82a9470c69f0c476f5845445d3d9bf8f622fe031e4bbe,True,RGB,opaque,,png,low,1405x1120,False,1405,[],prv2:land_fields:r01:generic:muted,research_workspace/painter_responsiveness_v2/prv2-oauth-20260908/responses/0049-a1.json.gz,2529ce4c6e12b8ac3342804abf81c28cd2fa176a8d5d13d73cfad269cb61f6cb,1,7e7a00eb47f533a0cb2520101a70f1b6e51fe639028a254d3557fcefa51ddb00,49,image_returned,03b6905370e99124a9f3dc327a376ba01c7364238c2560f3c1247a2d5d0e25d2,False
0,[],0.0,,,,,,,,,,,,,,,[],prv2:land_fields:r01:monet:vivid,,,,,50,never_started,,False
0,[],0.0,,,,,,,,,,,,,,,[],prv2:land_fields:r01:free:muted,,,,,51,never_started,,False
0,[],0.0,,,,,,,,,,,,,,,[],prv2:land_fields:r01:monet:muted,,,,,52,never_started,,False
0,[],0.0,,,,,,,,,,,,,,,[],prv2:land_fields:r01:generic:vivid,,,,,53,never_started,,False
0,[],0.0,,,,,,,,,,,,,,,[],prv2:land_fields:r01:cezanne:muted,,,,,54,never_started,,False
0,[],0.0,,,,,,,,,,,,,,,[],prv2:land_fields:r01:free:vivid,,,,,55,never_started,,False
0,[],0.0,,,,,,,,,,,,,,,[],prv2:built_houses:r03:free:muted,,,,,56,never_started,,False
0,[],0.0,,,,,,,,,,,,,,,[],prv2:built_houses:r03:generic:vivid,,,,,57,never_started,,False
0,[],0.0,,,,,,,,,,,,,,,[],prv2:built_houses:r03:monet:muted,,,,,58,never_started,,False
0,[],0.0,,,,,,,,,,,,,,,[],prv2:built_houses:r03:generic:muted,,,,,59,never_started,,False
0,[],0.0,,,,,,,,,,,,,,,[],prv2:built_houses:r03:monet:vivid,,,,,60,never_started,,False
0,[],0.0,,,,,,,,,,,,,,,[],prv2:built_houses:r03:free:vivid,,,,,61,never_started,,False
0,[],0.0,,,,,,,,,,,,,,,[],prv2:built_houses:r03:cezanne:muted,,,,,62,never_started,,False
0,[],0.0,,,,,,,,,,,,,,,[],prv2:built_houses:r03:cezanne:vivid,,,,,63,never_started,,False
0,[],0.0,,,,,,,,,,,,,,,[],prv2:water_river:r00:generic:muted,,,,,64,never_started,,False
0,[],0.0,,,,,,,,,,,,,,,[],prv2:water_river:r00:monet:vivid,,,,,65,never_started,,False
0,[],0.0,,,,,,,,,,,,,,,[],prv2:water_river:r00:cezanne:muted,,,,,66,never_started,,False
0,[],0.0,,,,,,,,,,,,,,,[],prv2:water_river:r00:generic:vivid,,,,,67,never_started,,False
0,[],0.0,,,,,,,,,,,,,,,[],prv2:water_river:r00:monet:muted,,,,,68,never_started,,False
0,[],0.0,,,,,,,,,,,,,,,[],prv2:water_river:r00:cezanne:vivid,,,,,69,never_started,,False
0,[],0.0,,,,,,,,,,,,,,,[],prv2:water_river:r00:free:muted,,,,,70,never_started,,False
0,[],0.0,,,,,,,,,,,,,,,[],prv2:water_river:r00:free:vivid,,,,,71,never_started,,False
0,[],0.0,,,,,,,,,,,,,,,[],prv2:built_village:r00:generic:muted,,,,,72,never_started,,False
0,[],0.0,,,,,,,,,,,,,,,[],prv2:built_village:r00:free:muted,,,,,73,never_started,,False
0,[],0.0,,,,,,,,,,,,,,,[],prv2:built_village:r00:monet:vivid,,,,,74,never_started,,False
0,[],0.0,,,,,,,,,,,,,,,[],prv2:built_village:r00:generic:vivid,,,,,75,never_started,,False
0,[],0.0,,,,,,,,,,,,,,,[],prv2:built_village:r00:cezanne:vivid,,,,,76,never_started,,False
0,[],0.0,,,,,,,,,,,,,,,[],prv2:built_village:r00:monet:muted,,,,,77,never_started,,False
0,[],0.0,,,,,,,,,,,,,,,[],prv2:built_village:r00:cezanne:muted,,,,,78,never_started,,False
0,[],0.0,,,,,,,,,,,,,,,[],prv2:built_village:r00:free:vivid,,,,,79,never_started,,False
0,[],0.0,,,,,,,,,,,,,,,[],prv2:water_bend:r03:generic:vivid,,,,,80,never_started,,False
0,[],0.0,,,,,,,,,,,,,,,[],prv2:water_bend:r03:cezanne:vivid,,,,,81,never_started,,False
0,[],0.0,,,,,,,,,,,,,,,[],prv2:water_bend:r03:cezanne:muted,,,,,82,never_started,,False
0,[],0.0,,,,,,,,,,,,,,,[],prv2:water_bend:r03:monet:muted,,,,,83,never_started,,False
0,[],0.0,,,,,,,,,,,,,,,[],prv2:water_bend:r03:monet:vivid,,,,,84,never_started,,False
0,[],0.0,,,,,,,,,,,,,,,[],prv2:water_bend:r03:free:vivid,,,,,85,never_started,,False
0,[],0.0,,,,,,,,,,,,,,,[],prv2:water_bend:r03:free:muted,,,,,86,never_started,,False
0,[],0.0,,,,,,,,,,,,,,,[],prv2:water_bend:r03:generic:muted,,,,,87,never_started,,False
0,[],0.0,,,,,,,,,,,,,,,[],prv2:land_fields:r03:generic:vivid,,,,,88,never_started,,False
0,[],0.0,,,,,,,,,,,,,,,[],prv2:land_fields:r03:monet:vivid,,,,,89,never_started,,False
0,[],0.0,,,,,,,,,,,,,,,[],prv2:land_fields:r03:free:muted,,,,,90,never_started,,False
0,[],0.0,,,,,,,,,,,,,,,[],prv2:land_fields:r03:cezanne:vivid,,,,,91,never_started,,False
0,[],0.0,,,,,,,,,,,,,,,[],prv2:land_fields:r03:monet:muted,,,,,92,never_started,,False
0,[],0.0,,,,,,,,,,,,,,,[],prv2:land_fields:r03:free:vivid,,,,,93,never_started,,False
0,[],0.0,,,,,,,,,,,,,,,[],prv2:land_fields:r03:generic:muted,,,,,94,never_started,,False
0,[],0.0,,,,,,,,,,,,,,,[],prv2:land_fields:r03:cezanne:muted,,,,,95,never_started,,False
0,[],0.0,,,,,,,,,,,,,,,[],prv2:land_garden:r02:generic:muted,,,,,96,never_started,,False
0,[],0.0,,,,,,,,,,,,,,,[],prv2:land_garden:r02:free:vivid,,,,,97,never_started,,False
0,[],0.0,,,,,,,,,,,,,,,[],prv2:land_garden:r02:cezanne:vivid,,,,,98,never_started,,False
0,[],0.0,,,,,,,,,,,,,,,[],prv2:land_garden:r02:free:muted,,,,,99,never_started,,False
0,[],0.0,,,,,,,,,,,,,,,[],prv2:land_garden:r02:cezanne:muted,,,,,100,never_started,,False
0,[],0.0,,,,,,,,,,,,,,,[],prv2:land_garden:r02:generic:vivid,,,,,101,never_started,,False
0,[],0.0,,,,,,,,,,,,,,,[],prv2:land_garden:r02:monet:muted,,,,,102,never_started,,False
0,[],0.0,,,,,,,,,,,,,,,[],prv2:land_garden:r02:monet:vivid,,,,,103,never_started,,False
0,[],0.0,,,,,,,,,,,,,,,[],prv2:land_garden:r01:cezanne:vivid,,,,,104,never_started,,False
0,[],0.0,,,,,,,,,,,,,,,[],prv2:land_garden:r01:free:vivid,,,,,105,never_started,,False
0,[],0.0,,,,,,,,,,,,,,,[],prv2:land_garden:r01:generic:vivid,,,,,106,never_started,,False
0,[],0.0,,,,,,,,,,,,,,,[],prv2:land_garden:r01:monet:vivid,,,,,107,never_started,,False
0,[],0.0,,,,,,,,,,,,,,,[],prv2:land_garden:r01:generic:muted,,,,,108,never_started,,False
0,[],0.0,,,,,,,,,,,,,,,[],prv2:land_garden:r01:cezanne:muted,,,,,109,never_started,,False
0,[],0.0,,,,,,,,,,,,,,,[],prv2:land_garden:r01:monet:muted,,,,,110,never_started,,False
0,[],0.0,,,,,,,,,,,,,,,[],prv2:land_garden:r01:free:muted,,,,,111,never_started,,False
0,[],0.0,,,,,,,,,,,,,,,[],prv2:built_houses:r00:monet:vivid,,,,,112,never_started,,False
0,[],0.0,,,,,,,,,,,,,,,[],prv2:built_houses:r00:generic:muted,,,,,113,never_started,,False
0,[],0.0,,,,,,,,,,,,,,,[],prv2:built_houses:r00:free:muted,,,,,114,never_started,,False
0,[],0.0,,,,,,,,,,,,,,,[],prv2:built_houses:r00:cezanne:vivid,,,,,115,never_started,,False
0,[],0.0,,,,,,,,,,,,,,,[],prv2:built_houses:r00:cezanne:muted,,,,,116,never_started,,False
0,[],0.0,,,,,,,,,,,,,,,[],prv2:built_houses:r00:free:vivid,,,,,117,never_started,,False
0,[],0.0,,,,,,,,,,,,,,,[],prv2:built_houses:r00:generic:vivid,,,,,118,never_started,,False
0,[],0.0,,,,,,,,,,,,,,,[],prv2:built_houses:r00:monet:muted,,,,,119,never_started,,False
0,[],0.0,,,,,,,,,,,,,,,[],prv2:water_river:r02:generic:vivid,,,,,120,never_started,,False
0,[],0.0,,,,,,,,,,,,,,,[],prv2:water_river:r02:generic:muted,,,,,121,never_started,,False
0,[],0.0,,,,,,,,,,,,,,,[],prv2:water_river:r02:free:muted,,,,,122,never_started,,False
0,[],0.0,,,,,,,,,,,,,,,[],prv2:water_river:r02:cezanne:muted,,,,,123,never_started,,False
0,[],0.0,,,,,,,,,,,,,,,[],prv2:water_river:r02:free:vivid,,,,,124,never_started,,False
0,[],0.0,,,,,,,,,,,,,,,[],prv2:water_river:r02:monet:muted,,,,,125,never_started,,False
0,[],0.0,,,,,,,,,,,,,,,[],prv2:water_river:r02:monet:vivid,,,,,126,never_started,,False
0,[],0.0,,,,,,,,,,,,,,,[],prv2:water_river:r02:cezanne:vivid,,,,,127,never_started,,False
0,[],0.0,,,,,,,,,,,,,,,[],prv2:water_river:r01:free:muted,,,,,128,never_started,,False
0,[],0.0,,,,,,,,,,,,,,,[],prv2:water_river:r01:monet:muted,,,,,129,never_started,,False
0,[],0.0,,,,,,,,,,,,,,,[],prv2:water_river:r01:generic:muted,,,,,130,never_started,,False
0,[],0.0,,,,,,,,,,,,,,,[],prv2:water_river:r01:monet:vivid,,,,,131,never_started,,False
0,[],0.0,,,,,,,,,,,,,,,[],prv2:water_river:r01:cezanne:vivid,,,,,132,never_started,,False
0,[],0.0,,,,,,,,,,,,,,,[],prv2:water_river:r01:free:vivid,,,,,133,never_started,,False
0,[],0.0,,,,,,,,,,,,,,,[],prv2:water_river:r01:generic:vivid,,,,,134,never_started,,False
0,[],0.0,,,,,,,,,,,,,,,[],prv2:water_river:r01:cezanne:muted,,,,,135,never_started,,False
0,[],0.0,,,,,,,,,,,,,,,[],prv2:land_garden:r03:free:vivid,,,,,136,never_started,,False
0,[],0.0,,,,,,,,,,,,,,,[],prv2:land_garden:r03:free:muted,,,,,137,never_started,,False
0,[],0.0,,,,,,,,,,,,,,,[],prv2:land_garden:r03:monet:muted,,,,,138,never_started,,False
0,[],0.0,,,,,,,,,,,,,,,[],prv2:land_garden:r03:generic:vivid,,,,,139,never_started,,False
0,[],0.0,,,,,,,,,,,,,,,[],prv2:land_garden:r03:generic:muted,,,,,140,never_started,,False
0,[],0.0,,,,,,,,,,,,,,,[],prv2:land_garden:r03:monet:vivid,,,,,141,never_started,,False
0,[],0.0,,,,,,,,,,,,,,,[],prv2:land_garden:r03:cezanne:muted,,,,,142,never_started,,False
0,[],0.0,,,,,,,,,,,,,,,[],prv2:land_garden:r03:cezanne:vivid,,,,,143,never_started,,False
0,[],0.0,,,,,,,,,,,,,,,[],prv2:water_bend:r02:cezanne:vivid,,,,,144,never_started,,False
0,[],0.0,,,,,,,,,,,,,,,[],prv2:water_bend:r02:free:muted,,,,,145,never_started,,False
0,[],0.0,,,,,,,,,,,,,,,[],prv2:water_bend:r02:monet:vivid,,,,,146,never_started,,False
0,[],0.0,,,,,,,,,,,,,,,[],prv2:water_bend:r02:generic:vivid,,,,,147,never_started,,False
0,[],0.0,,,,,,,,,,,,,,,[],prv2:water_bend:r02:monet:muted,,,,,148,never_started,,False
0,[],0.0,,,,,,,,,,,,,,,[],prv2:water_bend:r02:generic:muted,,,,,149,never_started,,False
0,[],0.0,,,,,,,,,,,,,,,[],prv2:water_bend:r02:free:vivid,,,,,150,never_started,,False
0,[],0.0,,,,,,,,,,,,,,,[],prv2:water_bend:r02:cezanne:muted,,,,,151,never_started,,False
0,[],0.0,,,,,,,,,,,,,,,[],prv2:water_bend:r00:generic:vivid,,,,,152,never_started,,False
0,[],0.0,,,,,,,,,,,,,,,[],prv2:water_bend:r00:free:muted,,,,,153,never_started,,False
0,[],0.0,,,,,,,,,,,,,,,[],prv2:water_bend:r00:monet:vivid,,,,,154,never_started,,False
0,[],0.0,,,,,,,,,,,,,,,[],prv2:water_bend:r00:generic:muted,,,,,155,never_started,,False
0,[],0.0,,,,,,,,,,,,,,,[],prv2:water_bend:r00:monet:muted,,,,,156,never_started,,False
0,[],0.0,,,,,,,,,,,,,,,[],prv2:water_bend:r00:free:vivid,,,,,157,never_started,,False
0,[],0.0,,,,,,,,,,,,,,,[],prv2:water_bend:r00:cezanne:vivid,,,,,158,never_started,,False
0,[],0.0,,,,,,,,,,,,,,,[],prv2:water_bend:r00:cezanne:muted,,,,,159,never_started,,False
0,[],0.0,,,,,,,,,,,,,,,[],prv2:built_village:r03:free:muted,,,,,160,never_started,,False
0,[],0.0,,,,,,,,,,,,,,,[],prv2:built_village:r03:generic:vivid,,,,,161,never_started,,False
0,[],0.0,,,,,,,,,,,,,,,[],prv2:built_village:r03:cezanne:vivid,,,,,162,never_started,,False
0,[],0.0,,,,,,,,,,,,,,,[],prv2:built_village:r03:monet:muted,,,,,163,never_started,,False
0,[],0.0,,,,,,,,,,,,,,,[],prv2:built_village:r03:generic:muted,,,,,164,never_started,,False
0,[],0.0,,,,,,,,,,,,,,,[],prv2:built_village:r03:cezanne:muted,,,,,165,never_started,,False
0,[],0.0,,,,,,,,,,,,,,,[],prv2:built_village:r03:monet:vivid,,,,,166,never_started,,False
0,[],0.0,,,,,,,,,,,,,,,[],prv2:built_village:r03:free:vivid,,,,,167,never_started,,False
0,[],0.0,,,,,,,,,,,,,,,[],prv2:land_garden:r00:generic:vivid,,,,,168,never_started,,False
0,[],0.0,,,,,,,,,,,,,,,[],prv2:land_garden:r00:generic:muted,,,,,169,never_started,,False
0,[],0.0,,,,,,,,,,,,,,,[],prv2:land_garden:r00:free:muted,,,,,170,never_started,,False
0,[],0.0,,,,,,,,,,,,,,,[],prv2:land_garden:r00:free:vivid,,,,,171,never_started,,False
0,[],0.0,,,,,,,,,,,,,,,[],prv2:land_garden:r00:monet:muted,,,,,172,never_started,,False
0,[],0.0,,,,,,,,,,,,,,,[],prv2:land_garden:r00:cezanne:vivid,,,,,173,never_started,,False
0,[],0.0,,,,,,,,,,,,,,,[],prv2:land_garden:r00:cezanne:muted,,,,,174,never_started,,False
0,[],0.0,,,,,,,,,,,,,,,[],prv2:land_garden:r00:monet:vivid,,,,,175,never_started,,False
0,[],0.0,,,,,,,,,,,,,,,[],prv2:water_river:r03:generic:muted,,,,,176,never_started,,False
0,[],0.0,,,,,,,,,,,,,,,[],prv2:water_river:r03:monet:vivid,,,,,177,never_started,,False
0,[],0.0,,,,,,,,,,,,,,,[],prv2:water_river:r03:cezanne:vivid,,,,,178,never_started,,False
0,[],0.0,,,,,,,,,,,,,,,[],prv2:water_river:r03:cezanne:muted,,,,,179,never_started,,False
0,[],0.0,,,,,,,,,,,,,,,[],prv2:water_river:r03:free:vivid,,,,,180,never_started,,False
0,[],0.0,,,,,,,,,,,,,,,[],prv2:water_river:r03:free:muted,,,,,181,never_started,,False
0,[],0.0,,,,,,,,,,,,,,,[],prv2:water_river:r03:generic:vivid,,,,,182,never_started,,False
0,[],0.0,,,,,,,,,,,,,,,[],prv2:water_river:r03:monet:muted,,,,,183,never_started,,False
0,[],0.0,,,,,,,,,,,,,,,[],prv2:built_village:r01:cezanne:vivid,,,,,184,never_started,,False
0,[],0.0,,,,,,,,,,,,,,,[],prv2:built_village:r01:monet:muted,,,,,185,never_started,,False
0,[],0.0,,,,,,,,,,,,,,,[],prv2:built_village:r01:monet:vivid,,,,,186,never_started,,False
0,[],0.0,,,,,,,,,,,,,,,[],prv2:built_village:r01:cezanne:muted,,,,,187,never_started,,False
0,[],0.0,,,,,,,,,,,,,,,[],prv2:built_village:r01:generic:muted,,,,,188,never_started,,False
0,[],0.0,,,,,,,,,,,,,,,[],prv2:built_village:r01:free:vivid,,,,,189,never_started,,False
0,[],0.0,,,,,,,,,,,,,,,[],prv2:built_village:r01:free:muted,,,,,190,never_started,,False
0,[],0.0,,,,,,,,,,,,,,,[],prv2:built_village:r01:generic:vivid,,,,,191,never_started,,False
